grid_id,1st_bus_stop,1st_stop_id,1st_dist_m,2nd_bus_stop,2nd_stop_id,2nd_dist_m,3rd_bus_stop,3rd_stop_id,3rd_dist_m,tmap_success,walk_time_min,walk_dist_m
마마2264, 사리2리종점,570698.0,471.4, 사리2리(대창방면),570699.0,1095.4, 사리2리(사리방면),570697.0,1111.8,N_PathError,,
마마2462, 구지리,570714.0,867.6, 장곡리(사리방면),570705.0,892.1, 장곡리마을회관,570704.0,1196.5,N_PathError,,
마마2463, 장곡리(사리방면),570705.0,131.9, 장곡리마을회관,570704.0,286.3, 장곡리(장곡방면),570703.0,732.0,N_PathError,,
마마2364, 사리2리종점,570698.0,545.4, 장곡마을입구(장곡방면),570701.0,606.7, 장곡마을입구(사리방면),570707.0,630.9,N_PathError,,
마마2464, 장곡공장(사리방면),570706.0,68.4, 장곡공장(장곡방면),570702.0,68.4, 장곡리(장곡방면),570703.0,260.3,N_PathError,,
마마2465, 사리1리마을회관,570693.0,528.1, 사리2리(사리방면),570697.0,568.4, 사리2리(대창방면),570699.0,586.5,N_PathError,,
마마2365, 사리2리종점,570698.0,375.3, 사리2리(대창방면),570699.0,543.4, 사리2리(사리방면),570697.0,546.8,N_PathError,,
마마2265, 사리2리종점,570698.0,500.2, 사리2리(대창방면),570699.0,1119.4, 사리2리(사리방면),570697.0,1129.8,N_PathError,,
마마2267, 남성마을,570758.0,1283.4, 신대삼거리(신대방면),570753.0,1311.5, 신대삼거리(금호방면),570767.0,1328.3,N_PathError,,
마마2466, 포척(금호방면),570720.0,898.2, 포척(대창방면),570605.0,898.2, 사리1리마을회관,570693.0,1034.3,N_PathError,,
마마2366, 사리2리(사리방면),570697.0,1110.0, 사리2리(대창방면),570699.0,1123.3, 사리2리종점,570698.0,1264.6,N_PathError,,
마마2467, 강회(대창방면),570603.0,861.1, 남성마을,570758.0,908.6, 강회(금호방면),570722.0,926.9,N_PathError,,
마마2367, 남성마을,570758.0,715.6, 남성배밭(남성방면),570757.0,1166.8, 남성배밭(금호방면),570759.0,1166.8,N_PathError,,
마마2368, 남성마을,570758.0,526.6, 신대마을회관,570754.0,555.8, 신대마을회관건너,570766.0,575.3,N_PathError,,
마마2468, 원기(대창방면),571684.0,104.6, 최무선과학관(후문)건너,570756.0,284.4, 최무선과학관(후문),570760.0,312.5,N_PathError,,
마마2369, 신대고개(금호방면),570769.0,158.5, 신대고개(신대방면),570751.0,283.6, 신대사거리(금호방면),570768.0,293.3,N_PathError,,
마마2469, 휘정사입구,570597.0,469.2, 휘정사입구건너,570730.0,501.0, 남성입구사거리(신대방면),570765.0,560.4,N_PathError,,
마마2470, 어은동입구(금호방면),570745.0,246.6, 금호농협경제센터건너,570746.0,275.0, 금호농협경제센터,570595.0,312.7,N_PathError,,
마마2370, 삼호사거리(신대방면),570749.0,119.8, 삼호사거리(금호방면),570771.0,142.6, 삼호2리(신대방면),570750.0,323.5,N_PathError,,
마마2268, 신대삼거리(신대방면),570753.0,816.2, 신대삼거리(금호방면),570767.0,825.0, 신대사거리(신대방면),570752.0,877.5,N_PathError,,
마마2269, 신대고개(신대방면),570751.0,571.8, 신대사거리(신대방면),570752.0,594.9, 신대삼거리(금호방면),570767.0,714.8,N_PathError,,
마마2270, 덕성리동일금속,570113.0,795.2, 삼호사거리(신대방면),570749.0,946.7, 삼호사거리(금호방면),570771.0,981.2,N_PathError,,
마마2271, 덕성리동일금속,570113.0,458.2, 금호역,570112.0,582.0, 금호터미널건너,570111.0,616.1,Y,4.5,340
마마2471, 냉천2리회관.금호초등건너,570118.0,159.1, 금호읍사무소건너,570117.0,192.5, 진보맨션건너,571274.0,194.1,N_PathError,,
마마2371, 금호터미널,570115.0,176.3, 금호우방타운아파트 건너(청통방면),571486.0,225.9, 금호 콜마트,571485.0,253.0,N_PathError,,
마마2472, 포은고등학교,571710.0,251.1, 포은고등학교,571709.0,319.6, 대미2리(상암방면),571224.0,550.0,N_PathError,,
마마2372, 성천교회건너,571207.0,299.1, 성천교회,571226.0,320.1, 사일못밑(상암방면),571227.0,340.7,N_PathError,,
마마2272, 대평리.장구마을(금호방면),571203.0,367.2, 대평리.장구마을(청통방면),571228.0,378.0, 사일못밑(상암방면),571227.0,416.8,Y,7.9,611
마마2473, 포롱마을건너,571218.0,141.8, 포롱마을,571210.0,142.7, 대명사입구(대동방면),571211.0,249.7,N_PathError,,
마마2273, 전륜사,571230.0,195.6, 전륜사건너,571201.0,208.9, 풍락저수지밑,571202.0,559.2,Y,2.5,195
마마2373, 전륜사,571230.0,653.5, 전륜사건너,571201.0,668.0, 풍락저수지밑건너,571229.0,726.3,N_PathError,,
마마2274, 대평모텔건너,571690.0,599.2, 대평모텔,571231.0,599.2, 신덕2리.대평(금호방면),571199.0,806.0,N_PathError,,
마마2474, 대미입구(대동방면),571213.0,170.7, 대미입구(영천방면),571215.0,182.7, 대동마을회관,571214.0,214.3,N_PathError,,
마마2174, 대장골,710676.0,529.0, 대장골,710675.0,546.0, 한티재,710673.0,842.8,N_PathError,,
마마2074, 한티재,710673.0,499.2, 한티재,710674.0,513.4, 청통IC,710671.0,1065.6,N_PathError,,
마마2175, 한티재,710673.0,492.2, 한티재,710674.0,509.8, 대장골,710676.0,580.4,N_PathError,,
마마2075, 한티재,710674.0,501.0, 한티재,710673.0,527.5, 청통IC,710672.0,593.1,N_PathError,,
마마1974, 송천리.송천공단(청통방면),571179.0,447.4, 송천리.송천공단(송천방면),571178.0,515.6, 청통IC,710671.0,534.5,N_NetError,,
마마1875, 덕산(천일주유소건너),571177.0,526.8, 송천리.송천공단(송천방면),571178.0,613.8, 송천리.송천공단(청통방면),571179.0,681.3,N_PathError,,
마마2374, 대평모텔건너,571690.0,510.1, 대평모텔,571231.0,510.1, 신덕2리.대평(금호방면),571199.0,785.8,Y,3.5,276
마마2275, 대평리(신덕방면),571234.0,49.3, 대평리(금호방면),571236.0,96.4, 교수마을입구(금호방면),571237.0,450.5,Y,0.1,8
마마2475, 대동마을회관,571214.0,804.0, 서산동종점,571564.0,1129.2, 대미입구(영천방면),571215.0,1139.9,Y,17.6,1359
마마2375, 신덕2리.대평(청통방면),571232.0,570.9, 신덕2리.대평(금호방면),571199.0,595.8, 신덕1리(청통방면),571238.0,597.4,Y,4.2,324
마마2376, 경안프랜트,571196.0,538.8, 경안프랜트건너,571240.0,774.7, 신덕1리(청통방면),571238.0,916.9,N_PathError,,
마마2276, 청통면신덕리(금호방면),571197.0,568.3, 청통면신덕리(청통방면),571239.0,568.3, 경안프랜트,571196.0,624.3,N_PathError,,
마마2476, 서산동종점,571564.0,387.4, 서산동(서산방면),571563.0,466.0, 서산동(영천방면),571565.0,466.0,Y,7.2,554
마마2377, 우천1리마을회관건너,571242.0,365.3, 우천1리마을회관,571137.0,370.6, 우천2리.드림산업건너,571136.0,452.7,N_PathError,,
마마2277, 우천1리(보건진료소),571139.0,285.6, 우천1리(보건진료소건너),571193.0,320.5, 우천(청통방면),571241.0,521.4,N_PathError,,
마마2477, 우천2리.드림산업,571243.0,789.1, 우천2리.드림산업건너,571136.0,789.1, 우천2리(제부골),571135.0,899.2,N_PathError,,
마마1975, 덕산(천일주유소건너),571177.0,372.2, 송천리.송천공단(청통방면),571179.0,387.9, 송천리.송천공단(송천방면),571178.0,398.1,Y,36.7,2764
마마1776, 은해사(종점),571165.0,1377.1, 치일리(은해사방면),571164.0,1478.5, 치일리(청통방면),571166.0,1478.5,N_PathError,,
마마1876, 송천리.월성(송천방면),571176.0,810.2, 송천리.월성(청통방면),571182.0,860.5, 덕산(천일주유소),571181.0,935.6,N_PathError,,
마마1777, 은해사(종점),571165.0,591.6, 치일리(은해사방면),571164.0,649.2, 치일리(청통방면),571166.0,649.2,N_PathError,,
마마1877, 청통CC입구,571169.0,822.2, 원촌2리(새마을금고),571174.0,827.5, 원촌2리(새마을금고건너),571184.0,841.3,N_PathError,,
마마1878, 청통CC입구건너,571161.0,120.2, 마평지(청통방면),571159.0,143.3, 마평지(애련방면),571148.0,145.9,N_PathError,,
마마1778, 애련길,571764.0,361.6, 애련길,571763.0,361.6, 카톨릭대청통수련원입구건너,571163.0,386.9,N_PathError,,
마마1879, 계포리.하계(청통방면),571106.0,202.1, 계포리.하계(신녕방면),571113.0,202.1, 계포리.대재(청통방면),571109.0,395.0,N_PathError,,
마마1779, 애련동(애련방면),571150.0,427.3, 애련동회관,571151.0,429.3, 애련3(청통방향),571157.0,494.9,N_PathError,,
마마2076, 한티재,710674.0,1186.2, 청통IC,710672.0,1192.7, 송천리.월성(청통방면),571182.0,1203.8,N_PathError,,
마마1976, 송천리.월성(청통방면),571182.0,309.7, 송천리.월성(송천방면),571176.0,353.9, 덕산(천일주유소),571181.0,582.8,N_PathError,,
마마2176, 청통면신덕리(금호방면),571197.0,904.4, 청통면신덕리(청통방면),571239.0,904.4, 신덕2리,571235.0,913.8,N_PathError,,
마마2077, 보성리(봉수입구),571143.0,852.4, 보성리(봉수입구건너),571189.0,861.7, 부경산업 건너,571191.0,889.2,N_PathError,,
마마1977, 원촌1리.창마(송천방면),571175.0,255.0, 원촌1리.창마(청통방면),571183.0,271.6, 원촌2리(새마을금고건너),571184.0,277.1,N_PathError,,
마마2177, 부경산업 앞,571141.0,460.0, 보성리(목성),571140.0,520.4, 보성리(목성건너),571192.0,520.8,N_PathError,,
마마2078, 보성리(봉수입구),571143.0,390.5, 신학2리(삼부방면),571188.0,413.3, 보성리(봉수입구건너),571189.0,422.2,N_PathError,,
마마2178, 보성농공단지입구건너,571190.0,501.2, 보성농공단지입구,571142.0,503.6, 부경산업 건너,571191.0,588.0,N_PathError,,
마마1978, 청통초등학교건너,571145.0,129.2, 청통초등학교,571187.0,142.0, 신학2리(청통방면),571144.0,313.3,N_PathError,,
마마2079, 계지1리(계포방면),571111.0,551.5, 계지2리.널문(영천방면),571104.0,562.9, 계지2리.널문(신녕방면),571115.0,562.9,N_PathError,,
마마2478, 우천2리(대각사건너),571245.0,209.3, 우천2리(대각사),571134.0,261.6, 우천2리(제부골건너),571244.0,506.3,N_PathError,,
마마2378, 우천2리(제부골),571135.0,570.9, 우천2리(제부골건너),571244.0,579.3, 우천2리.드림산업,571243.0,715.3,N_PathError,,
마마2278, 보성리(목성건너),571192.0,893.4, 보성리(목성),571140.0,894.2, 우천1리(보건진료소),571139.0,908.3,N_PathError,,
마마2379, 석촌(화산방면),570985.0,680.9, 석촌(영천방면),571131.0,680.9, 삼부리(와룡마을입구),571132.0,736.5,N_PathError,,
마마2479, 삼부삼거리(영천방면),571133.0,321.4, 삼부리(와룡마을건너),570984.0,326.7, 삼부리(와룡마을입구),571132.0,326.7,N_PathError,,
마마2279, 올베이,571702.0,827.7, 부계(화산방면),570988.0,1483.3, 부계(영천방면),571128.0,1485.1,N_PathError,,
마마2380, LPG충전소,570986.0,179.5, LPG충전소건너,571130.0,311.7, 당곡리(영천방면),571129.0,578.9,N_PathError,,
마마2480, 이배이(영천방면),571592.0,321.6, 이배이(당지방면),571593.0,321.6, 삼부리.못안(삼부못건너),570935.0,383.2,N_PathError,,
마마2280, 올베이,571702.0,388.7, 화산농공단지건너,571127.0,495.9, 화산농공단지앞,570989.0,531.6,N_PathError,,
마마2381, 당곡(당지방면),571600.0,354.2, 당곡리,571736.0,427.2, 당곡(영천방면),571599.0,427.2,N_PathError,,
마마3762, 당1리(영천방면),571661.0,2130.8, 상리(상리방면),571381.0,2263.5, 상리회관,571383.0,2322.8,N_PathError,,
마마3662, 상리(상리방면),571381.0,1698.4, 상리회관,571383.0,1720.1, 상리(영천방면),571384.0,1813.6,N_PathError,,
마마3663, 당1리(영천방면),571661.0,1420.7, 당1리(당1리방면),571660.0,1614.0, 당1리경로당,571559.0,1614.0,N_PathError,,
마마3764, 효리종점,571404.0,891.1, 효리(영천방면),571405.0,935.5, 효리(효리방면),571403.0,1120.3,N_PathError,,
마마3664, 용계리.원당골(용계방면),571375.0,1042.4, 용계리.원당골(영천방면),571390.0,1042.4, 효리종점,571404.0,1122.4,N_PathError,,
마마3864, 효리(영천방면),571405.0,1061.5, 효리종점,571404.0,1117.3, 효리경로당건너,571402.0,1139.8,N_PathError,,
마마3765, 효리(효리방면),571403.0,157.6, 효리(영천방면),571405.0,170.0, 효리경로당앞,571406.0,244.8,N_PathError,,
마마3865, 효리경로당건너,571402.0,623.4, 효리경로당앞,571406.0,640.8, 효리(효리방면),571403.0,723.7,Y,10.6,769
마마3665, 효리종점,571404.0,723.4, 용계리.원당골(영천방면),571390.0,788.2, 용계리.원당골(용계방면),571375.0,788.2,N_PathError,,
마마3766, 도계서원입구,571415.0,370.6, 도계서원건너,571414.0,375.0, 효리입구(영천방면),571407.0,464.4,N_PathError,,
마마3866, 효리입구(영천방면),571407.0,291.2, 효리초입(효리방면),571401.0,475.8, 효리경로당건너,571402.0,627.1,Y,3.6,259
마마3666, 신리(영천방면),571398.0,245.8, 신리(상리방면),571371.0,257.1, 신평(효리방면),571399.0,325.4,N_PathError,,
마마3767, 도천1리(영천방면),571411.0,390.3, 옥천서당입구건너,571412.0,409.9, 대리마을(영천방면),571416.0,571.9,N_PathError,,
마마3667, 도천1리(영광학교건너),571370.0,225.9, 도천1리(영광학교앞),571410.0,225.9, 옥천서당입구건너,571412.0,472.7,N_PathError,,
마마3360, 상리(영천방면),571384.0,2040.3, 상리회관,571383.0,2214.9, 상리(상리방면),571381.0,2393.4,N_PathError,,
마마3460, 상리(영천방면),571384.0,1755.9, 상리회관,571383.0,1920.7, 상리(상리방면),571381.0,2106.4,N_PathError,,
마마2660, 조곡리,570648.0,1989.6, 구지리,570714.0,2324.1, 조곡4교(조곡방면),570646.0,2343.6,N_PathError,,
마마3061, 영지사,570667.0,563.4, 영지사못밑(영지사방면),570665.0,836.1, 용호포도밭(영지사방면),570663.0,840.5,N_PathError,,
마마2962, 용호포도밭(대창방면),570671.0,183.8, 영지사못밑(대창방면),570669.0,253.3, 용호입구(대창방면),570672.0,256.7,N_PathError,,
마마2862, 신광1리(대창방면),570673.0,225.0, 신광2리마을앞(영지사방면),570660.0,429.6, 신광2리마을앞(대창방면),570674.0,448.2,N_PathError,,
마마3062, 영지사못밑(영지사방면),570665.0,459.6, 영지사,570667.0,630.0, 용호리(대창방면),570670.0,646.5,N_PathError,,
마마2863, 신광판넬공장(대창방면),570676.0,344.7, 신광판넬공장(영지사방면),570658.0,380.2, 신광2리(대창방면),570675.0,397.0,N_PathError,,
마마3361, 상리(영천방면),571384.0,1545.4, 상리회관,571383.0,1717.6, 상리(상리방면),571381.0,1881.1,N_PathError,,
마마3561, 상리(영천방면),571384.0,1122.9, 상리회관,571383.0,1157.6, 상리(상리방면),571381.0,1275.1,N_PathError,,
마마3362, 상리(영천방면),571384.0,1118.8, 북리(도유리방면),570626.0,1130.1, 상리회관,571383.0,1236.3,N_PathError,,
마마3562, 상리회관,571383.0,809.7, 상리(상리방면),571381.0,829.7, 상리(영천방면),571384.0,885.9,N_PathError,,
마마3462, 상리(영천방면),571384.0,135.2, 상리회관,571383.0,303.4, 상리(상리방면),571381.0,472.8,N_PathError,,
마마3563, 당1리(영천방면),571661.0,545.5, 당1리(당1리방면),571660.0,725.1, 당1리경로당,571559.0,725.1,N_PathError,,
마마3463, 당2리(상리방면),571385.0,228.2, 당2리(영천방면),571380.0,240.9, 북리마을회관,570625.0,508.6,N_PathError,,
마마3464, 북리마을회관건너,570622.0,341.4, 북리입구마을(당리방면),570623.0,346.2, 북리입구마을(북리방면),570624.0,346.2,N_PathError,,
마마3260, 영지사,570667.0,2332.2, 상리(영천방면),571384.0,2363.4, 상리회관,571383.0,2535.6,N_PathError,,
마마3160, 영지사,570667.0,1113.7, 용호포도밭(영지사방면),570663.0,1668.5, 영지사못밑(영지사방면),570665.0,1683.5,N_PathError,,
마마3161, 영지사,570667.0,692.6, 영지사못밑(영지사방면),570665.0,1448.1, 용호리(대창방면),570670.0,1666.5,N_PathError,,
마마3261, 영지사,570667.0,1787.0, 북리(도유리방면),570626.0,2204.7, 상리(영천방면),571384.0,2210.1,N_PathError,,
마마3163, 운천리.직천못밑(직천방면),570619.0,714.5, 운천리.직천못밑(대창방면),570630.0,784.6, 직천(대창방면),570629.0,848.8,N_PathError,,
마마3263, 직천(대창방면),570629.0,583.5, 직천(직천방면),570620.0,619.0, 금강정사(영천방면),571667.0,968.3,N_PathError,,
마마3363, 북리(도유리방면),570626.0,190.1, 북리마을회관,570625.0,775.2, 북리(당리방면),570621.0,791.8,N_PathError,,
마마3164, 운천리.직천못밑(대창방면),570630.0,249.7, 운천리.직천못밑(직천방면),570619.0,296.5, 운천1리(직천방면),570618.0,311.6,N_PathError,,
마마2761, 신광1리(대창방면),570673.0,1493.6, 신광2리마을앞(영지사방면),570660.0,1715.0, 신광2리마을앞(대창방면),570674.0,1719.8,N_PathError,,
마마2662, 조곡리,570648.0,408.5, 조곡4교(조곡방면),570646.0,779.6, 조곡리마을회관,570647.0,1008.8,N_PathError,,
마마2562, 구지리,570714.0,373.4, 조곡리,570648.0,964.4, 장곡리(사리방면),570705.0,1276.7,N_PathError,,
마마2762, 조곡리마을회관,570647.0,943.8, 조곡리마을회관건너,570649.0,946.5, 신광1리(영지사방면),570661.0,1011.1,N_PathError,,
마마2663, 조곡4교(조곡방면),570646.0,240.3, 조곡리마을회관,570647.0,586.7, 조곡리마을회관건너,570649.0,597.1,N_PathError,,
마마2563, 구지리,570714.0,628.0, 대창농장(대창방면),570715.0,699.8, 대창농장(구지방면),570713.0,777.8,N_PathError,,
마마2763, 조곡4교(대창방면),570650.0,288.0, 조곡리마을회관건너,570649.0,449.8, 조곡리마을회관,570647.0,466.0,N_PathError,,
마마2764, 신광삼거리(영지사입구),570612.0,425.8, 조곡리.조곡입구(금호방면),570651.0,434.8, 조곡리.조곡입구(직천방면),570611.0,435.2,N_PathError,,
마마2664, 대창초등학교,570653.0,340.8, 조곡.대창초건너,570609.0,410.1, 가람영농조합,570652.0,477.7,N_PathError,,
마마4670, 황수탕,570387.0,824.1, 덕정리(황수탕방면),570386.0,1829.7, 덕정리(호국원방면),570388.0,1893.8,Y,28.2,2175
마마4570, 황수탕,570387.0,695.5, 덕정리(황수탕방면),570386.0,1662.2, 덕정리(호국원방면),570388.0,1714.5,Y,56.2,4331
마마4571, 황수탕,570387.0,304.0, 덕정리(황수탕방면),570386.0,727.3, 덕정리(호국원방면),570388.0,790.5,Y,9.2,714
마마4671, 황수탕,570387.0,800.8, 논실종점,571521.0,1266.6, 논실교회(영천방면),571522.0,1399.0,N_PathError,,
마마4672, 논실종점,571521.0,487.0, 논실교회(영천방면),571522.0,570.1, 논실교회(논실방면),571520.0,614.0,N_PathError,,
마마4572, 덕정리(황수탕방면),570386.0,551.5, 논실종점,571521.0,578.4, 덕정리(호국원방면),570388.0,579.9,N_PathError,,
마마4673, 옛숫골(영천방면),571523.0,631.7, 옛숫골(논실방면),571519.0,664.5, 논실교회(논실방면),571520.0,720.1,N_PathError,,
마마4573, 옛숫골(논실방면),571519.0,399.3, 옛숫골(영천방면),571523.0,444.1, 논실입구(호국원방면),570382.0,473.8,N_PathError,,
마마2963, 나무와학교입구,570635.0,365.0, 나무와학교입구건너,570614.0,450.6, 어방(직천방면),570615.0,482.0,N_PathError,,
마마3063, 운천보건진료소건너,570633.0,497.3, 어방(대창방면),570634.0,512.4, 운천보건진료소,570616.0,566.1,N_PathError,,
마마2964, 오길마을(대창방면),570642.0,20.2, 오길마을(오길방면),570638.0,46.1, 오길1동(대창방면),570643.0,632.4,N_PathError,,
마마2864, 신광삼거리(영지사입구건너),570645.0,451.1, 오길1동(대창방면),570643.0,525.5, 오길1동(오길방면),570637.0,551.0,N_PathError,,
마마3064, 용전리(대창방면),570632.0,425.5, 운천보건진료소,570616.0,438.5, 용전리(직천방면),570617.0,442.7,N_PathError,,
마마3065, 오길종점,570640.0,597.5, 용전마을회관,571487.0,739.1, 오길저수지,570639.0,765.5,N_PathError,,
마마2965, 오길저수지건너,570641.0,386.9, 오길저수지,570639.0,409.4, 오길종점,570640.0,416.5,N_PathError,,
마마2866, 대곡종점,571297.0,718.7, 둥지마을(대재방면),570689.0,1203.5, 둥지마을(병암방면),570678.0,1203.5,N_PathError,,
마마3364, 북리(당리방면),570621.0,261.1, 광능,571475.0,333.0, 북리(도유리방면),570626.0,891.7,N_PathError,,
마마3264, 직천리,570627.0,207.6, 직천리,571756.0,207.6, 금강정사(직천방면),571668.0,314.0,N_PathError,,
마마3365, 도유리,571476.0,362.7, 광능,571475.0,697.1, 북리(당리방면),570621.0,1228.6,N_PathError,,
마마3265, 직천리,570627.0,895.8, 직천리,571756.0,895.8, 금강정사(직천방면),571668.0,1116.6,N_PathError,,
마마3165, 용전마을회관,571487.0,663.2, 용전마을회관,571757.0,948.9, 운천1리(대창방면),570631.0,1199.3,N_PathError,,
마마3166, 용수골,571755.0,817.9, 용수골,570628.0,817.9, 용전마을회관,571487.0,1555.7,Y,11.6,897
마마3267, 용수골,571755.0,737.2, 용수골,570628.0,737.2, 경북하이브리드부품연구원입구,571322.0,967.3,Y,5.6,429
마마3367, 유상2리마을회관,571349.0,1504.1, 유상2리입구(유상방면),571348.0,1580.6, 유상2리입구(영천방면),571350.0,1620.0,N_PathError,,
마마2564, 대창농장(구지방면),570713.0,222.2, 대창농장(대창방면),570715.0,302.3, 구지공단입구건너,570716.0,397.9,N_PathError,,
마마2765, 용화사입구,570677.0,496.8, 용화사입구건너,570690.0,501.9, 둥지마을(병암방면),570678.0,820.4,N_PathError,,
마마2665, 대재리.마을회관건너,570655.0,205.3, 대재리.마을회관앞,570654.0,224.9, 구지입구삼거리(영창중건너),570711.0,483.0,N_PathError,,
마마2565, 사리1리삼거리(사리방면),570692.0,381.5, 사리1리입구,570694.0,413.7, 대창2리(금호방면),570719.0,440.2,N_PathError,,
마마2566, 포척(대창방면),570605.0,218.8, 포척(금호방면),570720.0,218.8, 대창2리(대창방면),570606.0,578.1,N_PathError,,
마마2766, 대운저수지삼거리(대재방면),570688.0,252.8, 대운저수지삼거리(병암방면),570679.0,271.8, 둥지마을(병암방면),570678.0,274.3,N_PathError,,
마마2666, 병암리1(대재방면),570686.0,330.7, 병암리2(병암방면),570682.0,355.5, 상림농장(대재방면),570687.0,356.0,N_PathError,,
마마2767, 호남리회관건너,570736.0,349.1, 호남리회관앞,570739.0,442.9, 호남리마을(대곡방면),570737.0,542.6,N_PathError,,
마마2667, 병암리마을회관건너,570684.0,638.3, 병암리마을회관앞,570683.0,655.3, 병암리1(대재방면),570686.0,677.0,N_PathError,,
마마2567, 강회(금호방면),570722.0,103.0, 강회(대창방면),570603.0,155.9, 병암(대창방면),570604.0,439.7,N_PathError,,
마마2867, 대곡1리.유곡마을(대곡방면),571295.0,337.2, 대곡1리.유곡마을(영천방면),571296.0,337.2, 대곡2리(대곡방면),571293.0,339.4,N_PathError,,
마마2967, 약남2리종점,571666.0,654.7, 대곡2리(대곡방면),571293.0,804.8, 대곡2리(영천방면),571299.0,804.8,N_PathError,,
마마2968, 약남2리입구(영천방면),571664.0,380.7, 약남2리입구(약남방면),571665.0,444.7, 구암리회관,571304.0,469.0,N_PathError,,
마마3068, 채신공단종점,571536.0,397.0, ㈜BM,571535.0,514.8, 대상㈜,571537.0,520.3,Y,9.8,754
마마2868, 약남2리(대곡방면),571292.0,283.1, 약남2리(영천방면),571300.0,317.7, 약남1리(대곡방면),571291.0,367.2,N_PathError,,
마마2969, 구암리.가암새못밑(영천방면),571305.0,391.9, 구암리.가암새못밑(구암방면),571303.0,460.8, 구암구판장(영천방면),571306.0,471.2,N_PathError,,
마마3069, 한중본사제1공장건너,571534.0,169.0, 신우유통사거리,571533.0,323.6, ㈜BM,571535.0,513.5,Y,6.7,480
마마2869, 구암2리(구암방면),571288.0,461.8, 구암2리(영천방면),571307.0,487.1, 구암구판장(영천방면),571306.0,584.8,N_PathError,,
마마3167, 용수골,571755.0,386.8, 용수골,570628.0,386.8, 경북하이브리드부품연구원입구,571322.0,645.4,Y,3.8,297
마마3368, 유상2리마을회관,571349.0,534.7, 유상2리입구(유상방면),571348.0,633.1, 유상2리입구(영천방면),571350.0,667.4,N_PathError,,
마마3168, 채신공단,571538.0,173.1, 괴연동.우사(괴연방면),571642.0,274.8, 괴연동(괴연방면),571320.0,305.0,Y,6.8,528
마마3268, 괴연동.우사(괴연방면),571642.0,783.5, 괴연동(영천방면),571323.0,785.2, 괴연동(괴연방면),571320.0,790.9,Y,7.3,565
마마3369, 유상2리입구(영천방면),571350.0,516.4, 유상2리(영천방면),571351.0,545.1, 유상2리입구(유상방면),571348.0,550.7,N_PathError,,
마마3169, 채신2공단입구,571318.0,84.5, 채신2공단입구건너,571326.0,169.2, 채신1공단입구,571317.0,217.2,Y,3.3,235
마마3269, 유상2리(유상방면),571347.0,451.2, 유상2리(영천방면),571351.0,497.1, 유상1리(유상방면),571346.0,771.4,N_PathError,,
마마3170, 본촌동마을회관,571315.0,326.8, 본촌공단입구건너,571328.0,367.5, 본촌입구(괴연방면),571314.0,491.0,Y,20.7,1673
마마3270, 유상1리소나무(유상방면),571345.0,579.5, 유상1리소나무(영천방면),571353.0,616.5, 유상1리(영천방면),571352.0,631.4,N_PathError,,
마마3370, 유상1리소나무(영천방면),571353.0,507.9, 유상1리소나무(유상방면),571345.0,512.7, 유상1리(영천방면),571352.0,651.5,N_PathError,,
마마2668, 대성낚시터건너,710698.0,539.7, 대성낚시터,710397.0,539.7, 호남리(대곡방면),570735.0,554.4,N_PathError,,
마마2568, 오계(금호방면),571671.0,144.1, 오계(오계방면),571672.0,161.2, 오계2리입구(금호방면),570726.0,210.4,N_PathError,,
마마2768, 대승지못끝(금호방면),570741.0,183.1, 호남리(영천방면),570740.0,211.8, 대승지못끝(대곡방면),570734.0,256.0,N_PathError,,
마마2669, 어은리경로당건너,570743.0,375.5, 어은리경로당,570732.0,375.5, 대성낚시터건너,710698.0,601.4,N_PathError,,
마마2569, 금호오계공단입구건너,570598.0,374.2, 원기마을입구,570599.0,379.4, 금호오계공단입구,570729.0,382.9,N_PathError,,
마마2670, 관정리(도동방면),571281.0,357.5, 선제정사건너,570731.0,535.1, 선재정사,570744.0,535.1,N_PathError,,
마마2770, 황정리(도동방면),571282.0,417.0, 황정(금호방면),571266.0,437.6, 황정리(금호방면),571267.0,438.0,N_PathError,,
마마2570, 어은동 공장,571663.0,268.7, 오계2리(한국가스공사)건너,570723.0,557.2, 선제정사건너,570731.0,704.4,N_PathError,,
마마2771, 봉죽2리,571569.0,123.5, 관정리(금호방면),571268.0,528.7, 봉죽1리,571570.0,559.0,N_PathError,,
마마2970, 영천도축장 입구건너,571308.0,527.1, 영천도축장 입구,571287.0,535.5, 구암2리(영천방면),571307.0,990.0,Y,14.9,1151
마마2870, 화랑설화마을 앞,571753.0,598.7, 화랑설화마을 건너,571754.0,610.3, 황정(도동방면),571283.0,770.8,N_PathError,,
마마3070, 본촌입구(괴연방면),571314.0,664.1, 본촌동마을회관건너,571329.0,670.2, 본촌공단입구,571316.0,678.0,Y,30.5,2492
마마2971, 도남공단입구건너,710700.0,41.6, 도남공단입구,710699.0,41.6, 도남동(구암방면),571286.0,388.2,Y,0.1,6
마마2871, 도동교(금호방면),571265.0,422.1, 도동교(도동방면),571284.0,435.2, 화랑설화마을 건너,571754.0,623.5,Y,5.7,440
마마3071, 봉동.가와인아파트건너,571332.0,207.4, 봉동.가와인아파트앞,571312.0,207.4, 봉동기사식당,571313.0,321.6,Y,3.6,218
마마3072, 우시장(진각사입구.영천희망원),571470.0,124.6, 영천가축시장,571336.0,185.4, 영천IC입구(작산방면),571334.0,196.0,Y,2.5,196
마마2872, 도동삼거리앞,570092.0,452.5, 성남여중고앞,570093.0,487.8, 도동삼거리,571474.0,563.9,Y,7.5,578
마마2972, 남부동주민센터,571472.0,173.3, 도남입구,571484.0,197.4, 남부동주민센터 건너,571285.0,219.4,Y,3.1,218
마마2873, 성남여중고건너,570091.0,440.6, 주남네거리(sk주유소건너),570094.0,676.1, 한전영천지사앞,570089.0,676.1,Y,17.8,1378
마마3271, 유하동(유상방면),571343.0,403.9, 유하동(영천방면),571355.0,403.9, 조암마을,571357.0,945.1,N_PathError,,
마마3371, 유하동(유상방면),571343.0,621.6, 유하동(영천방면),571355.0,621.6, 송포리,571359.0,633.0,N_PathError,,
마마3272, 조암마을,571357.0,236.8, 송포교(영천방면),571674.0,512.1, 송포교(송포방면),571673.0,512.1,N_PathError,,
마마3172, 남부초등학교,571467.0,99.7, 남부초등학교건너,571341.0,135.0, 범어동마을회관건너,571338.0,406.8,Y,1.8,134
마마3372, 송포2리입구(송포방면),571675.0,330.8, 송포2리입구(영천방면),571676.0,330.8, 송포리,571359.0,411.5,N_PathError,,
마마3273, 범어동,571339.0,260.5, 송포교(영천방면),571674.0,825.4, 송포교(송포방면),571673.0,825.4,N_PathError,,
마마3173, 범어동마을회관앞,571340.0,634.9, 범어동마을회관건너,571338.0,661.2, 작산동(도동방면),571468.0,910.3,Y,9.3,724
마마2571, 냉천1리마을회관 건너,710687.0,485.3, 냉천리(영천방면),570119.0,660.1, 신월갈림길(금호방면),571271.0,703.0,N_PathError,,
마마2671, 신월리입구(금호방면),571278.0,109.6, 신월리입구(신월방면),571276.0,109.6, 신월리입구,571275.0,140.1,N_PathError,,
마마2772, 봉죽1리,571570.0,477.9, 원제리(신월리입구),570122.0,898.9, 봉죽2리,571569.0,963.3,N_PathError,,
마마2572, KC피드,570120.0,340.2, 석섬리(상암방면),571222.0,505.5, 원제리,570105.0,590.9,N_PathError,,
마마2672, 윤성아파트앞,570106.0,270.6, 윤성아파트건너,570121.0,326.7, 원제리(신월리입구),570122.0,356.1,N_PathError,,
마마2573, 석섬경로당,571221.0,25.1, 원제리,570105.0,422.4, 대미제(영천방면),571219.0,587.7,N_PathError,,
마마2773, 영천경찰서,570104.0,641.9, 영천경찰서건너,570124.0,665.1, 효사랑요양병원,570123.0,738.7,Y,31.0,2386
마마2673, 효사랑요양병원,570123.0,306.8, 영천경찰서건너,570124.0,361.0, 영천경찰서,570104.0,448.6,N_PathError,,
마마2774, 영대병원,570125.0,124.8, 오수동e마트,570103.0,202.4, 오수동.쌍계마을입구(영천방면),570126.0,233.6,Y,3.8,232
마마2574, 대미2리(영천방면),571209.0,412.5, 대미입구(영천방면),571215.0,884.8, 대미입구(대동방면),571213.0,927.6,N_PathError,,
마마2973, 쇠느리건너,571482.0,483.9, 쇠느리,571481.0,519.6, 한전영천지사앞,570089.0,613.0,Y,10.9,844
마마3073, 쇠느리,571481.0,542.1, 쇠느리건너,571482.0,583.3, 봉정사 앞,571579.0,866.7,Y,13.4,1033
마마3074, 봉정사 앞,571579.0,198.7, 봉정사 건너,571580.0,214.9, 완산2동경로당,571717.0,550.6,Y,3.4,259
마마2874, 영천터미널,710682.0,275.4, 영천버스터미널건너,570078.0,309.7, 영천버스터미널앞,570001.0,323.8,Y,10.3,815
마마2974, 영천상공회의소,570130.0,239.7, 영천상공회의소건너,570131.0,241.8, 영천전화국앞,570004.0,305.6,Y,4.5,351
마마3075, 미소지움2차,571715.0,94.1, 미소지움2차,571716.0,130.2, 미소지움1차,571713.0,309.8,Y,2.1,157
마마2875, 영천시민운동장주차장,570081.0,169.1, 평생학습관,570037.0,379.0, 성내동,570083.0,400.8,Y,6.0,454
마마2975, 시청오거리(경북신경외과건너),570086.0,265.8, 영동교(시청방향),570008.0,284.6, 영천보건소,570041.0,306.2,Y,6.9,493
마마2876, 한의마을,570592.0,300.4, 한의마을 건너,570537.0,398.9, 야구장삼거리,571705.0,408.6,Y,5.7,431
마마2976, 무궁화아파트앞,570030.0,334.0, 영천시립도서관앞,570048.0,366.5, 시청뒷편,570053.0,371.3,Y,10.3,794
마마3564, 용계리.새불(영천방면),571389.0,304.3, 용계리.새불(용계방면),571376.0,337.4, 당1리(영천방면),571661.0,691.8,N_PathError,,
마마3565, 들말(상리방면),571392.0,319.4, 용계입구(영천방면),571395.0,329.0, 용계입구(용계방면),571391.0,329.0,N_PathError,,
마마3465, 명주마을(명주교회앞),571388.0,627.9, 명주마을(명주교회건너),571377.0,634.0, 명주마을(용계입구),571393.0,638.2,N_PathError,,
마마3566, 신대리(영천방면),571396.0,405.0, 신대리(상리방면),571373.0,405.0, 신리공업단지입구,571372.0,544.0,N_PathError,,
마마3567, 옥천리(영천방면),571417.0,139.9, 옥천리(북안방면),571369.0,139.9, 신리공업단지입구,571372.0,1101.2,N_PathError,,
마마3568, 고지1리.마야요양원(북안방면),571367.0,924.0, 고지삼거리(북안방면),571366.0,932.0, 고지삼거리(영천방면),571436.0,935.9,N_PathError,,
마마3469, 유상2리마을회관,571349.0,1321.2, 유상2리입구(영천방면),571350.0,1375.8, 유상2리입구(유상방면),571348.0,1390.9,N_PathError,,
마마3668, 고지1리(영천방면),571418.0,42.9, 고지1리(북안방면),571368.0,92.6, 고지1리.마야요양원(북안방면),571367.0,195.9,N_PathError,,
마마3768, 만불사건너,571422.0,428.9, 만불사입구,571433.0,447.5, 고지2리(북안방면),571434.0,509.9,Y,13.0,1008
마마3868, 만불사입구,571433.0,412.2, 만불사건너,571422.0,417.3, 고지2리(북안방면),571434.0,931.7,Y,28.2,2081
마마3669, 고지주유소건너,571437.0,264.9, 북안면사무소건너,571438.0,264.9, 고지주유소,571365.0,294.7,N_PathError,,
마마3769, 고지2리(북안방면),571434.0,621.1, 만불사입구,571433.0,680.7, 만불사건너,571422.0,708.9,N_PathError,,
마마3869, 고지1리.마야요양원(영천방면),571419.0,411.3, 고지2리(서면방면),571421.0,420.3, 구인사(북안방면),571651.0,882.4,N_PathError,,
마마3670, 임포정류장 앞,571439.0,511.6, 임포정류장 건너,571363.0,511.6, 행복마을빌라,571362.0,565.9,N_PathError,,
마마3770, 돌할배입구(신촌방면),571452.0,452.8, 돌할배입구(북안방면),571531.0,465.4, 자포리.남포(영천방면),571453.0,602.8,N_PathError,,
마마3870, 구인사(북안방면),571651.0,199.6, 구인사(신촌방면),571650.0,321.2, 절골입구(북안방면),571655.0,549.4,N_PathError,,
마마3671, 내포1반(영천방면),571455.0,66.9, 내포1반(자포방면),571446.0,98.2, 내포리.원당(원당방면),571456.0,307.8,N_PathError,,
마마3969, 절골입구(북안방면),571655.0,615.5, 절골입구(신촌방면),571654.0,616.8, 대성곡입구(북안방면),571653.0,748.3,N_PathError,,
마마4070, 신촌,571530.0,764.9, 대성곡입구(북안방면),571653.0,810.8, 대성곡입구(신촌방면),571652.0,810.8,N_PathError,,
마마3970, 신촌,571530.0,60.4, 대성곡입구(북안방면),571653.0,77.9, 대성곡입구(신촌방면),571652.0,77.9,N_PathError,,
마마3569, 북안면사무소건너,571438.0,737.9, 고지주유소건너,571437.0,737.9, 고지주유소,571365.0,747.6,N_PathError,,
마마3470, 자포입구(영천방면),571461.0,1100.4, 반정1리(임포방면),571464.0,1114.6, 파라다이스모텔,571361.0,1194.8,N_PathError,,
마마3570, 파라다이스모텔,571361.0,230.6, 파라다이스모텔건너,571441.0,238.0, 행복마을빌라,571362.0,445.1,N_PathError,,
마마3571, 반정3리(경반마을건너),571443.0,83.7, 자포입구(영천방면),571461.0,318.7, 보성사입구건너,571444.0,337.7,N_PathError,,
마마3471, 반정1리(임포방면),571464.0,130.2, 반정1리입구마을,571541.0,545.7, 자포입구(영천방면),571461.0,766.3,N_PathError,,
마마3472, 반정1리입구마을,571541.0,643.8, 송포1리입구(반정방면),571677.0,649.7, 송포2리입구(송포방면),571675.0,739.5,N_PathError,,
마마3574, 거곡로.대성양달(영천방면),570214.0,450.8, 거곡로.대성양달(오류방면),570189.0,450.8, 대성리경로당앞,570188.0,485.9,N_PathError,,
마마4172, 삼귀.용내기,570277.0,941.1, 용내기다리(영천방면),571646.0,1228.9, 용내기다리(삼귀방면),571647.0,1328.3,N_PathError,,
마마3972, 돌할매.관리,571449.0,388.5, 돌할매입구(영천방면),571659.0,397.8, 돌할매입구(돌할매방면),571658.0,405.1,N_PathError,,
마마4173, 삼귀.용내기,570277.0,504.5, 용내기다리(영천방면),571646.0,629.6, 용내기다리(삼귀방면),571647.0,740.2,N_PathError,,
마마4073, 삼귀.용내기,570277.0,617.1, 용내기다리(영천방면),571646.0,1008.5, 용내기다리(삼귀방면),571647.0,1014.4,N_PathError,,
마마3771, 자포리.중포(영천방면),571450.0,27.2, 자포리.중포(돌할매방면),571448.0,142.1, 산왕각(돌할매방면),571656.0,237.7,N_PathError,,
마마3871, 산왕각(돌할매방면),571656.0,823.4, 산왕각(영천방면),571657.0,830.8, 자포리.중포(돌할매방면),571448.0,860.5,N_PathError,,
마마3872, 돌할매입구(돌할매방면),571658.0,596.4, 돌할매입구(영천방면),571659.0,606.3, 돌할매.관리,571449.0,613.1,N_PathError,,
마마3672, 원당,571457.0,170.6, 내포리(영천방면),571458.0,992.5, 보성사입구,571459.0,1003.4,N_PathError,,
마마3873, 오류종점,570195.0,813.5, 오류리(영천방면),570196.0,1013.3, 오류리(오류방면),570194.0,1013.3,N_PathError,,
마마3774, 태산골.오류리마을회관건너,570192.0,279.5, 태산골.오류리마을회관앞,570198.0,304.7, 오류리.감상골(영천방면),570212.0,427.4,N_PathError,,
마마3874, 오류종점,570195.0,274.3, 오류리(영천방면),570196.0,302.1, 오류리(오류방면),570194.0,302.1,N_PathError,,
마마3674, 오류리.구태골(오류방면),570190.0,586.0, 오류리.구태골(영천방면),570213.0,609.7, 오류리.감상골(오류방면),570191.0,856.8,N_PathError,,
마마3775, 오류리.감상골(영천방면),570212.0,616.4, 오류리.감상골(오류방면),570191.0,624.4, 태산골.오류리마을회관앞,570198.0,705.5,N_PathError,,
마마3675, 오류리.구태골(오류방면),570190.0,663.6, 오류리.구태골(영천방면),570213.0,674.1, 오류리.감상골(오류방면),570191.0,932.3,N_PathError,,
마마3676, 엔텍 앞,571643.0,772.3, 엔텍 건너,571644.0,810.6, 고도2리(영천방면),571680.0,975.2,N_PathError,,
마마3776, 고도2리(영천방면),571680.0,140.4, 고도2리(고도방면),570210.0,161.1, 고도종점(영천방면),570199.0,229.5,N_PathError,,
마마3777, 용전2리경로당앞,570254.0,184.2, 용전2리경로당건너,570250.0,210.9, 삼사낚시터앞,570255.0,248.3,N_PathError,,
마마3877, 용전2리.용강마을(용전방면),570253.0,360.4, 용전2리.용강마을(부리방면),570251.0,367.2, 용전2리경로당건너,570250.0,789.1,N_PathError,,
마마3677, 용전1리경로당앞,570257.0,465.2, 용전1리경로당건너,570247.0,466.0, 엔텍 건너,571644.0,559.7,N_PathError,,
마마4174, 용내기다리(삼귀방면),571647.0,401.8, 용내기다리(영천방면),571646.0,442.4, 삼귀.용내기,570277.0,866.0,N_PathError,,
마마3975, 부리마을,570252.0,816.4, 오류종점,570195.0,1458.8, 삼귀.용내기입구(영천방면),570279.0,1629.0,N_PathError,,
마마4175, 삼귀.용내기(영천방면),570278.0,267.1, 삼귀.용내기(삼귀방면),570276.0,303.0, 삼귀.용내기입구(영천방면),570279.0,450.0,N_PathError,,
마마4176, 삼귀.용내기입구(삼귀방면),570275.0,687.9, 초일마을,571515.0,755.6, 삼귀.용내기입구(영천방면),570279.0,862.4,N_PathError,,
마마4076, 삼귀.용내기입구(삼귀방면),570275.0,843.7, 차당리마을회관앞,570280.0,952.4, 차당리마을회관건너,570274.0,981.7,N_PathError,,
마마3976, 부리마을,570252.0,312.8, 용전2리.용강마을(부리방면),570251.0,1585.8, 용전2리.용강마을(용전방면),570253.0,1589.5,N_PathError,,
마마4077, 차당리마을회관건너,570274.0,425.9, 차당실(영천방면),570281.0,441.7, 차당리마을회관앞,570280.0,455.9,N_PathError,,
마마3977, 전사과수원창고(삼귀방면),570272.0,1198.9, 부리마을,570252.0,1236.6, 전사사격장(영천방면),571648.0,1245.1,N_PathError,,
마마4078, 전사과수원창고(삼귀방면),570272.0,216.9, 전사사격장(영천방면),571648.0,434.0, 전사사격장(삼귀방면),571649.0,464.3,N_PathError,,
마마4277, 초일지,710690.0,440.6, 초일지,710688.0,440.6, 초일염소농장(고경방면),571516.0,544.3,N_PathError,,
마마4377, 고경면덕암리(영천방면),570156.0,414.4, 고경면덕암리(안강방면),570153.0,593.1, 청정1리(포항방면),570155.0,675.6,N_PathError,,
마마4177, 초일염소농장(초일방면),571514.0,425.8, 초일염소농장(고경방면),571516.0,519.0, 차당리마을회관앞,570280.0,589.1,N_PathError,,
마마4278, 석계리(안강방면),570152.0,557.3, 석계리(영천방면),570157.0,557.3, 초일입구마을(초일방면),571513.0,577.0,N_PathError,,
마마4378, 고경면덕암리(안강방면),570153.0,420.2, 삼산리입구,570284.0,530.4, 삼산리입구건너,570306.0,570.6,N_PathError,,
마마4279, 가수1리,570159.0,178.7, 가수2리,570158.0,248.9, 가수리,570151.0,249.8,N_PathError,,
마마4179, 고경초중교,570149.0,148.5, 고경초중교건너,570161.0,238.7, 상덕과수원(고경방면),571518.0,315.6,N_PathError,,
마마4379, 생계.석계리경로당건너,570285.0,230.4, 상계.석계리경로당,570305.0,273.0, 고경박물관(구.석계초등학교),570304.0,546.7,N_PathError,,
마마4180, 고경초중교,570149.0,860.8, 고경초중교건너,570161.0,875.3, 초일길입구건너,570160.0,957.7,N_PathError,,
마마4471, 덕정리(호국원방면),570388.0,243.3, 덕정리(황수탕방면),570386.0,256.0, 덕정미나리농원(황수탕방면),570385.0,387.8,Y,1.0,80
마마4472, 덕정미나리농원(황수탕방면),570385.0,415.0, 덕정사주카페(호국원방면),570391.0,486.1, 덕정사주카페(황수탕방면),570383.0,555.5,Y,4.7,365
마마4372, 칠전저수지,570378.0,653.7, 칠전(칠전방면),570377.0,776.5, 칠전마을회관(호국원방면),570380.0,976.3,N_PathError,,
마마4273, 칠전저수지,570378.0,583.7, 칠전(칠전방면),570377.0,1251.5, 칠전마을회관(호국원방면),570380.0,1284.4,N_PathError,,
마마4773, 논실교회(영천방면),571522.0,1040.3, 논실교회(논실방면),571520.0,1043.1, 논실종점,571521.0,1061.4,N_PathError,,
마마4373, 칠전(칠전방면),570377.0,251.5, 칠전마을회관(호국원방면),570380.0,336.4, 칠전마을회관(칠전방면),570376.0,392.3,N_PathError,,
마마4473, 덕정리1(호국원방면),570389.0,356.5, 칠전리2반(호국원방면),570379.0,474.3, 칠전입구(칠전방면),570375.0,482.9,N_PathError,,
마마4474, 파계리(황수탕방면),570374.0,494.2, 파계리(호국원방면),570394.0,523.4, 칠전입구(호국원방면),570393.0,599.7,N_PathError,,
마마4475, 파계리마을회관건너,570395.0,861.9, 파계리마을회관앞,570373.0,890.6, 파계저수지,570396.0,945.4,N_PathError,,
마마4276, 초일마을,571515.0,707.6, 초일염소농장(고경방면),571516.0,966.9, 초일염소농장(초일방면),571514.0,1049.5,N_PathError,,
마마4574, 파계리(황수탕방면),570374.0,527.7, 파계리(호국원방면),570394.0,532.0, 파계리마을회관건너,570395.0,553.6,N_PathError,,
마마4575, 파계저수지건너,570372.0,458.8, 파계저수지,570396.0,501.0, 파계리마을회관앞,570373.0,515.1,N_PathError,,
마마4576, 파계저수지,570396.0,511.4, 파계저수지건너,570372.0,542.6, 국립영천호국원,570371.0,596.1,N_PathError,,
마마4577, 국립영천호국원,570371.0,574.4, 호국원삼거리(고경방면),570397.0,617.0, 호국원삼거리(호국원방면),570370.0,630.5,N_PathError,,
마마4477, 청정2리(고경방면),570398.0,154.2, 청정2리(호국원방면),570369.0,239.8, 청정1리(포항방면),570155.0,469.1,N_PathError,,
마마4578, 청정1리(안강방면),570154.0,513.5, 청정2리(고경방면),570398.0,1154.7, 청정2리(호국원방면),570369.0,1202.5,N_PathError,,
마마4478, 청정1리(안강방면),570154.0,566.4, 청정1리(포항방면),570155.0,821.6, 삼산리,571524.0,822.2,N_PathError,,
마마4479, 고경박물관(구.석계초등학교)건너,570286.0,628.9, 고경박물관(구.석계초등학교),570304.0,656.2, 청정1리(안강방면),570154.0,769.7,N_PathError,,
마마4480, 삼포리.월성(영천방면),570303.0,225.3, 삼포보건진료소건너,570302.0,414.9, 삼포보건진료소,570288.0,446.4,N_PathError,,
마마4481, 삼포리.삼계(영천방면),570301.0,515.0, 삼포리.삼계(오룡방면),570289.0,522.2, 삼포리.월성(오룡방면),570287.0,540.3,N_PathError,,
마마4780, 오룡2리마을회관앞,570296.0,663.2, 오룡2리마을회관건너,570294.0,665.3, 오룡2리(누에치는마을),570295.0,805.4,Y,1.4,113
마마4781, 오룡2리(누에치는마을),570295.0,131.1, 오룡2리마을회관앞,570296.0,748.3, 오룡2리마을회관건너,570294.0,761.8,N_PathError,,
마마4581, 삼포리.삼계(오룡방면),570289.0,530.8, 삼포리.삼계(영천방면),570301.0,534.5, 당나무앞(오룡방면),570290.0,775.6,N_PathError,,
마마4681, 누에체험학습관앞,570297.0,81.4, 누에체험학습관건너,570293.0,141.0, 오룡1리.미룡(오룡방면),570292.0,400.7,N_PathError,,
마마4482, 삼포리.삼계(오룡방면),570289.0,971.1, 삼포리.삼계(영천방면),570301.0,973.0, 당나무앞(오룡방면),570290.0,1048.9,N_PathError,,
마마4582, 당나무앞(영천방면),571681.0,211.7, 당나무앞(오룡방면),570290.0,226.1, 삼포리.수흥(영천방면),570299.0,335.3,N_PathError,,
마마4682, 오룡1리.미룡(영천방면),570298.0,635.3, 오룡1리.미룡(오룡방면),570292.0,651.5, 삼포리.수흥(영천방면),570299.0,720.6,N_PathError,,
마마4683, 삼포리.수흥(영천방면),570299.0,1353.6, 삼포리.수흥(오룡방면),570291.0,1353.6, 당나무앞(영천방면),571681.0,1548.7,N_PathError,,
마마4484, 수성1리.하구만(수성방면),570333.0,1037.1, 수성1리.상구만(수성방면),570334.0,1045.7, 수성1리.상구만(임고방면),570344.0,1049.6,N_PathError,,
마마4784, 수성2리(원기),570339.0,955.4, 수성2리.베이터(수성방면),570338.0,1181.4, 수성2리.베이터(임고방면),570340.0,1196.7,N_PathError,,
마마1476, 은해사(종점),571165.0,2791.1, 애련동회관건너,571155.0,2876.7, 애련1종점,571153.0,2923.4,N_PathError,,
마마1676, 은해사(종점),571165.0,1056.3, 치일리(은해사방면),571164.0,1269.4, 치일리(청통방면),571166.0,1269.4,N_PathError,,
마마1677, 은해사(종점),571165.0,718.1, 치일리(은해사방면),571164.0,968.4, 치일리(청통방면),571166.0,968.4,N_PathError,,
마마1277, 안신원(거조암방면),571080.0,3467.8, 안신원(영천방면),571082.0,3483.0, 신원리.거조암,571081.0,3491.6,N_PathError,,
마마1678, 애련1종점,571153.0,606.5, 애련동회관건너,571155.0,632.3, 은해사(종점),571165.0,830.1,N_PathError,,
마마1478, 애련동회관건너,571155.0,2047.6, 애련1종점,571153.0,2131.5, 안신원(영천방면),571082.0,2378.3,N_PathError,,
마마1579, 애련동회관건너,571155.0,1017.8, 애련1종점,571153.0,1116.1, 신원과수원(영천방면),571084.0,1235.1,N_PathError,,
마마1679, 애련동회관건너,571155.0,373.4, 애련1종점,571153.0,397.5, 애련2(애련방향),571152.0,422.0,N_PathError,,
마마1580, 신원과수원(영천방면),571084.0,378.9, 신원삼거리(영천방면),571083.0,518.1, 신원삼거리(신녕방면),571099.0,530.3,N_PathError,,
마마1680, 문산지,571085.0,300.2, 신원리(영천방면),571086.0,350.9, 신원리(거조암방면),571096.0,363.0,N_PathError,,
마마1480, 안신원(영천방면),571082.0,379.8, 안신원(거조암방면),571080.0,390.5, 신원리.거조암,571081.0,627.4,N_PathError,,
마마1581, 이티존(신녕방향),571689.0,245.9, 이티존(거조암방향),571078.0,267.6, 신원과수원(거조암방면),571098.0,476.7,N_PathError,,
마마1379, 안신원(거조암방면),571080.0,1664.8, 안신원(영천방면),571082.0,1681.8, 신원리.거조암,571081.0,1688.5,N_PathError,,
마마1380, 신원리.거조암,571081.0,874.6, 안신원(거조암방면),571080.0,1002.3, 안신원(영천방면),571082.0,1035.5,N_PathError,,
마마0983, 치산리,571063.0,833.6, 치산2리.뽕나무식당(신녕방면),571064.0,1293.8, 치산2리.귀천서원건너,571061.0,1474.6,N_PathError,,
마마2179, 계지1리(계포방면),571111.0,1368.8, 보성리(봉수입구건너),571189.0,1375.0, 보성리(봉수입구),571143.0,1387.0,N_PathError,,
마마1979, 계지1리(계지방면),571110.0,427.5, 계지리,571583.0,717.9, 계포리.대재(신녕방면),571112.0,792.2,N_PathError,,
마마1980, 계지1리(계지방면),571110.0,658.3, 계지2리.널문(신녕방면),571115.0,858.7, 계지2리.널문(영천방면),571104.0,858.7,N_PathError,,
마마2080, 계지1리(계포방면),571111.0,599.5, 계지2리.널문(영천방면),571104.0,653.2, 계지2리.널문(신녕방면),571115.0,653.2,N_PathError,,
마마2180, 유성,571124.0,484.9, 화산중학교,571701.0,608.4, 화산중학교,570992.0,608.4,N_PathError,,
마마1981, 화산면덕암리(화산방면),570995.0,292.7, 화산면덕암리(영천방면),571121.0,298.6, 용천리(영천방면),571120.0,444.5,N_PathError,,
마마2181, 굴견마을,571729.0,105.9, 굴견마을,571699.0,112.3, 연계쉼터,571730.0,156.0,N_PathError,,
마마2081, 용평(영천방면),571123.0,319.6, 원기(신녕방면),570994.0,319.6, 원기(영천방면),571122.0,341.8,N_PathError,,
마마1982, 화덕초등학교건너,570913.0,510.3, 화덕초등학교,570915.0,600.1, 덕암2리(당지방면),570916.0,743.8,N_PathError,,
마마2182, 연계리마을회관,571697.0,544.0, 연계쉼터,571698.0,810.8, 연계쉼터,571730.0,860.2,N_PathError,,
마마1780, 계지2리마을회관(거조암방향),571094.0,197.8, 계지2리마을회관(영천방향),571088.0,247.6, 계지리.널문길(거조암방향),571095.0,439.6,N_PathError,,
마마1880, 계지2리.무연골(신녕방면),571114.0,644.8, 계지2리(거조사),571105.0,665.2, 계지교(신녕방면),571091.0,744.7,N_PathError,,
마마1881, 대안2리(영천방면),571119.0,199.9, 용천리(신녕방면),570996.0,389.8, 대안2리(신녕방면),570997.0,415.4,N_PathError,,
마마1781, 양계장입구,571688.0,654.9, 농업창조(양계장건너),571117.0,654.9, 신녕면신덕리(신녕방면),571116.0,686.9,N_PathError,,
마마1882, 신덕2리(주유소앞),570998.0,627.4, 대안2리(신녕방면),570997.0,644.7, 신덕2리(영천방면),571118.0,741.8,N_PathError,,
마마1782, 신녕면신덕리(청통방면),571103.0,243.5, 신덕2리(영천방면),571118.0,432.8, 농업창조(양계장건너),571117.0,448.1,N_PathError,,
마마1783, 연정2리(연정방면),571007.0,797.9, 연정2리(신녕방면),571012.0,802.2, 연정교,571011.0,1073.3,N_PathError,,
마마1784, 연정2리(신녕방면),571012.0,474.9, 연정2리(연정방면),571007.0,503.0, 연정교,571011.0,853.4,N_PathError,,
마마1884, 연정입구(연정방면),571008.0,139.8, 연정1리마을회관,571009.0,201.6, 연정입구(신녕방면),571010.0,271.1,N_PathError,,
마마2281, 유성1리입구(정자),571694.0,72.9, 유성1리입구(정자),571733.0,72.9, 화산공단뒤길 삼거리,571734.0,128.7,N_PathError,,
마마2481, 이배이(당지방면),571593.0,709.2, 이배이(영천방면),571592.0,709.2, 납세미(영천방면),570938.0,797.8,N_PathError,,
마마2282, 유성1리입구(정자),571733.0,1036.7, 유성1리입구(정자),571694.0,1036.7, 유성리,571732.0,1054.6,N_PathError,,
마마2382, 가상리(영천방면),570929.0,1187.8, 가상리(당지방면),570961.0,1192.4, 귀호삼거리(당지방면),570928.0,1221.3,N_PathError,,
마마2482, 가상리창고건너,570930.0,502.3, 가상리창고,570960.0,527.8, 가래실,570931.0,598.7,N_PathError,,
마마2383, 화산2리(당지방면),570899.0,611.6, 귀호삼거리(당지방면),570928.0,689.1, 귀호삼거리(귀호방면),570962.0,738.0,N_PathError,,
마마2283, 화산1리.곽산마을(당지방면),571687.0,833.4, 화산2리(당지방면),570899.0,900.2, 화산1리.화촌(화촌방면),570901.0,951.4,N_PathError,,
마마2483, 가상리(당지방면),570961.0,237.7, 가상리(영천방면),570929.0,238.0, 귀호삼거리(귀호방면),570962.0,263.4,N_PathError,,
마마2384, 화산1리.곽산마을(영천방면),570926.0,291.8, 화산1리.화촌(영천방면),570906.0,291.8, 화산2리(영천방면),570927.0,301.6,N_PathError,,
마마2484, 귀호2리(마을회관),570963.0,363.5, 귀호2리.마을회관건너,570897.0,372.5, 귀호2리(귀호방면),571639.0,529.2,N_PathError,,
마마2082, 화덕초등학교,570915.0,446.6, 화덕초등학교건너,570913.0,491.5, 덕암2리(당지방면),570916.0,580.3,N_PathError,,
마마1983, 효정2리(영천방면),570911.0,410.4, 효정2리(당지방면),570917.0,449.9, 덕암2리(영천방면),570912.0,816.1,N_PathError,,
마마2183, 화산1리.화촌입구(화촌방면),570925.0,1130.5, 화산1리.곽산마을(당지방면),571687.0,1151.2, 화산1리.화촌(화촌방면),570901.0,1162.2,N_PathError,,
마마2083, 효정2리(당지방면),570917.0,553.0, 효정2리(영천방면),570911.0,598.5, 덕암2리(영천방면),570912.0,677.8,N_PathError,,
마마1984, 효정1리(당지방면),570918.0,737.0, 효정1리(영천방면),570910.0,796.9, 효정1리.샘골(영천방면),570909.0,815.2,N_PathError,,
마마2184, 화촌저수지,571596.0,208.3, 아가페선교타운건너,570924.0,252.9, 아가페선교타운,570907.0,519.1,N_PathError,,
마마2084, 효정1리(영천방면),570910.0,447.6, 효정1리.샘골(당지방면),570919.0,461.8, 효정1리.샘골(영천방면),570909.0,461.8,N_PathError,,
마마2085, 당지1리마을회관건너,570923.0,162.1, 당지1리마을회관,570921.0,162.1, 당지1리(당지방면),570920.0,475.0,N_PathError,,
마마2185, 화촌.마을회관,570903.0,578.9, 아가페선교타운,570907.0,728.8, 아가페선교타운건너,570924.0,803.6,N_PathError,,
마마2284, 화산1리.곽산마을(당지방면),571687.0,263.0, 화산1리.화촌입구(당지방면),570905.0,273.2, 화산1리.화촌(화촌방면),570901.0,291.4,N_PathError,,
마마2385, 평갓뭇(영천방면),571635.0,289.3, 귀호1리(귀호방면),571636.0,404.5, 귀호1리(영천방면),571637.0,435.7,N_PathError,,
마마2485, 화남면사무소,570894.0,595.6, 화남면사무소건너,570965.0,631.9, 우목골(귀호방면),571632.0,651.4,N_PathError,,
마마2285, 화촌.마을회관,570903.0,458.8, 화촌입구(영천방면),570904.0,693.1, 화촌입구(화촌방면),570902.0,707.6,N_PathError,,
마마2486, 한천입구건너,570890.0,905.7, 한천입구,570855.0,906.2, 귀호1리(귀호방면),571636.0,1050.7,N_PathError,,
마마2286, 귀호1리마을회관,570895.0,1047.6, 귀호1리(영천방면),571637.0,1207.6, 화촌.마을회관,570903.0,1218.9,N_PathError,,
마마2386, 귀호1리마을회관,570895.0,474.3, 귀호1리(영천방면),571637.0,572.9, 귀호1리(귀호방면),571636.0,646.6,N_PathError,,
마마2387, 귀호1리마을회관,570895.0,1471.4, 안천3리.온천(화남방면),570881.0,1510.1, 안천3리.온천(온천방면),570862.0,1510.1,N_PathError,,
마마1885, 연정입구(신녕방면),571010.0,747.6, 연정1리마을회관,571009.0,835.1, 연정입구(연정방면),571008.0,1095.3,N_PathError,,
마마1786, 연정입구(신녕방면),571010.0,1968.1, 연정1리마을회관,571009.0,2035.3, 화남2리(신녕방면),571043.0,2048.9,N_PathError,,
마마2086, 당지1리마을회관건너,570923.0,1082.4, 당지1리마을회관,570921.0,1082.4, 당지리,570922.0,1257.6,N_PathError,,
마마1987, 당지리,570922.0,416.3, 당지1리마을회관건너,570923.0,2367.9, 당지1리마을회관,570921.0,2367.9,N_PathError,,
마마2087, 당지리,570922.0,607.0, 온천리,570878.0,1859.1, 당지1리마을회관건너,570923.0,2077.8,N_PathError,,
마마2188, 온천리,570878.0,480.2, 온천리회관건너,570879.0,966.8, 온천리회관앞,570877.0,989.9,N_PathError,,
마마2088, 당지리,570922.0,1074.8, 온천리,570878.0,1461.5, 온천리회관건너,570879.0,1945.2,N_PathError,,
마마2089, 온천리,570878.0,1678.0, 당지리,570922.0,1985.5, 온천리회관건너,570879.0,2054.1,N_PathError,,
마마2288, 온천리회관건너,570879.0,292.1, 온천리회관앞,570877.0,312.6, 온천리,570878.0,570.2,N_PathError,,
마마2388, 안천3리.온천(온천방면),570862.0,617.5, 안천3리.온천(화남방면),570881.0,617.5, 온천리.성모요양병원(화남방면),570880.0,741.1,N_PathError,,
마마2488, 안천(안천교건너),570859.0,253.1, 안천3리(영천방면),570882.0,429.9, 안천3리(온천방면),570861.0,450.5,N_PathError,,
마마2389, 안천3리.온천(온천방면),570862.0,694.5, 안천3리.온천(화남방면),570881.0,694.5, 온천리.성모요양병원(화남방면),570880.0,783.3,N_PathError,,
마마2289, 구전리(신전방면),570865.0,421.9, 구전리.별곡(화남방면),570874.0,622.3, 온천리(온천방면),570863.0,636.1,N_PathError,,
마마2489, 안천3리.신안(화남방면),570883.0,598.9, 안천3리.신안(월곡방면),570860.0,598.9, 안천3리(영천방면),570882.0,654.4,N_PathError,,
마마2390, 양수장 건너(월곡방면),570868.0,206.0, 양수장(구전방면),570872.0,356.5, 구전리마을회관,570867.0,617.5,N_PathError,,
마마2290, 구전리.별곡(신전방면),570866.0,302.8, 구전리(화남방면),570875.0,302.8, 구전리마을회관건너,570873.0,319.0,N_PathError,,
마마2490, 월곡리,570870.0,234.5, 월곡삼거리(구전방면),570871.0,476.5, 월곡삼거리(월곡방면),570869.0,476.5,N_PathError,,
마마2491, 월곡리,570870.0,1170.0, 월곡삼거리(구전방면),570871.0,1388.4, 월곡삼거리(월곡방면),570869.0,1388.4,N_PathError,,
마마1989, 당지리,570922.0,1935.7, 온천리,570878.0,2592.5, 온천리회관건너,570879.0,3011.4,N_PathError,,
마마2190, 구전리.별곡(화남방면),570874.0,1224.4, 구전리(화남방면),570875.0,1301.4, 구전리.별곡(신전방면),570866.0,1301.4,N_PathError,,
마마1681, 신녕면신덕리(신녕방면),571116.0,332.0, 신원교(거조암방향),571589.0,379.0, 신원교(신녕방향),571588.0,567.1,N_PathError,,
마마1481, 신원리.거조암,571081.0,554.7, 안신원(거조암방면),571080.0,621.0, 안신원(영천방면),571082.0,623.0,N_PathError,,
마마1582, 신녕대백마트 건너,571586.0,794.8, 신녕대백마트 앞,571587.0,794.8, 한국타이어,571002.0,814.6,N_PathError,,
마마1482, 왕산리(치산방향),571050.0,1180.6, 신원리.거조암,571081.0,1490.5, 신녕중.경북식품과학마이스터고,571073.0,1571.4,N_PathError,,
마마1682, 신녕역앞,571102.0,261.0, 신녕역건너,571001.0,325.7, 신원교(신녕방향),571588.0,586.9,N_PathError,,
마마1583, 신녕중.경북식품과학마이스터고,571073.0,209.3, 신녕중.경북식품과학마이스터고건너,571049.0,228.6, 신녕삼거리(경산방향),571074.0,492.3,N_PathError,,
마마1483, 신녕중.경북식품과학마이스터고건너,571049.0,1023.0, 신녕중.경북식품과학마이스터고,571073.0,1025.1, 왕산리(치산방향),571050.0,1284.2,N_PathError,,
마마1683, 신녕버스터미널앞,571003.0,404.5, 신녕버스터미널건너,571076.0,471.9, 신녕초등학교,571013.0,547.1,N_PathError,,
마마1484, 화남3리경로당건너,571014.0,1043.0, 신녕중.경북식품과학마이스터고건너,571049.0,1260.7, 신녕중.경북식품과학마이스터고,571073.0,1277.6,N_PathError,,
마마1584, 신녕중.경북식품과학마이스터고건너,571049.0,771.4, 신녕중.경북식품과학마이스터고,571073.0,790.7, 화남3리경로당건너,571014.0,798.5,N_PathError,,
마마1381, 신원리.거조암,571081.0,824.0, 안신원(거조암방면),571080.0,1112.6, 안신원(영천방면),571082.0,1147.2,N_PathError,,
마마1382, 왕산리(치산방향),571050.0,391.2, 신원리.거조암,571081.0,1610.3, 안신원(거조암방면),571080.0,1863.0,N_PathError,,
마마1282, 왕산리(치산방향),571050.0,955.2, 신원리.거조암,571081.0,2228.1, 안신원(거조암방면),571080.0,2514.6,N_PathError,,
마마1284, 칠밭골,571072.0,780.8, 부산1리(치산방향),571052.0,780.8, 부산1리.이곡(치산방면),571051.0,896.3,N_PathError,,
마마0984, 치산리,571063.0,326.5, 치산2리.뽕나무식당(신녕방면),571064.0,343.5, 치산2리.귀천서원건너,571061.0,480.2,N_PathError,,
마마0884, 치산리,571063.0,576.0, 치산2리.뽕나무식당(신녕방면),571064.0,630.9, 치산2리.귀천서원건너,571061.0,822.5,N_PathError,,
마마0885, 치산2리.귀천서원건너,571061.0,744.5, 치산2리.뽕나무식당(신녕방면),571064.0,777.4, 치산2리.뽕나무식당(치산방면),571062.0,847.1,N_PathError,,
마마0985, 치산2리(치산방면),571060.0,343.9, 치산2리(신녕방면),571066.0,369.6, 치산2리.뽕나무식당(치산방면),571062.0,515.2,N_PathError,,
마마1085, 부산2리,571068.0,495.9, 부산2리(요양원),571058.0,525.0, 신녕요양병원건너,571056.0,566.3,N_PathError,,
마마0986, 치산3리(부계방면),571488.0,324.1, 치산3리(신녕방면),571502.0,324.1, 치산2리.느티나무(치산방향),571059.0,1113.4,N_PathError,,
마마1086, 치산2리.귀천서원입구,571065.0,245.3, 치산2리.느티나무(신녕방향),571067.0,245.3, 치산2리.느티나무(치산방향),571059.0,245.3,N_PathError,,
마마0886, 치산3리(부계방면),571488.0,848.2, 치산3리(신녕방면),571502.0,848.2, 치산2리(치산방면),571060.0,1114.8,N_PathError,,
마마1684, 신녕면사무소,571006.0,606.9, 신녕초등학교,571013.0,606.9, 신녕우체국,571005.0,922.8,N_PathError,,
마마1485, 화남3리경로당건너,571014.0,767.1, 성덕대학교방면,571044.0,849.8, 화남3리(신녕방면),571046.0,854.1,N_PathError,,
마마1585, 화남1리(삼산방면),571019.0,172.9, 화남2리(신녕방면),571043.0,214.6, 화남3리경로당앞,571047.0,248.1,N_PathError,,
마마1685, 화남2리(신녕방면),571043.0,785.5, 화남3리경로당앞,571047.0,787.2, 화남1리(삼산방면),571019.0,827.6,N_PathError,,
마마1686, 화남2리(신녕방면),571043.0,1275.5, 화남1리(삼산방면),571019.0,1307.0, 화남3리경로당앞,571047.0,1358.5,N_PathError,,
마마1586, 화남1리(삼산방면),571019.0,1026.2, 화남2리(신녕방면),571043.0,1027.6, 화남3리경로당앞,571047.0,1134.7,N_PathError,,
마마1486, 화남3리(삼산방면),571015.0,548.9, 화남3리(신녕방면),571046.0,548.9, 성덕대학교방면,571044.0,557.9,N_PathError,,
마마1384, 부산1리(신녕방면),571070.0,884.8, 부산1리.이곡(신녕방면),571071.0,884.8, 부산1리.이곡(치산방면),571051.0,917.9,N_PathError,,
마마1285, 부산1리(치산방향),571052.0,235.7, 칠밭골,571072.0,235.7, 부산1리.이곡(치산방면),571051.0,538.6,N_PathError,,
마마1185, 부산2리.새터(신녕방면),571069.0,270.8, 부산2리.새터(치산방면),571053.0,275.8, 신녕요양병원,571057.0,777.4,N_PathError,,
마마1385, 부산1리(신녕방면),571070.0,379.5, 부산1리.이곡(신녕방면),571071.0,379.5, 부산1리.이곡(치산방면),571051.0,573.7,N_PathError,,
마마1286, 부산2리.경로당건너,571054.0,1074.6, 부산2리.경로당앞,571055.0,1093.8, 화남1리(신녕방면),571042.0,1143.5,N_PathError,,
마마1386, 화남2리(삼산방면),571018.0,255.4, 성덕대학교건너,571017.0,426.9, 화남1리(신녕방면),571042.0,580.1,N_PathError,,
마마1186, 부산2리.경로당건너,571054.0,94.6, 부산2리.경로당앞,571055.0,121.2, 부산2리.새터(치산방면),571053.0,728.3,N_PathError,,
마마1387, 권응수장군유적지,571041.0,76.9, 화남1리(신녕방면),571042.0,420.3, 화남2리(삼산방면),571018.0,811.1,N_PathError,,
마마1187, 도근지,571037.0,297.2, 도근지건너,571038.0,561.5, 부산2리.경로당건너,571054.0,1062.8,N_PathError,,
마마1087, 도근지건너,571038.0,324.2, 도근지,571037.0,501.6, 치산2리.느티나무(신녕방향),571067.0,1107.4,N_PathError,,
마마1088, 도근리입구,571036.0,169.5, 도근리입구건너,571021.0,186.1, 도근리입구(신녕방면),571039.0,258.0,N_PathError,,
마마1089, 화서리(신녕방면),571035.0,308.2, 화서리(삼산방면),571022.0,326.8, 도근리입구,571036.0,518.2,N_PathError,,
마마1488, 권응수장군유적지,571041.0,1456.2, 화남1리(신녕방면),571042.0,1745.2, 화남2리(삼산방면),571018.0,1985.6,N_PathError,,
마마1489, 권응수장군유적지,571041.0,2110.1, 화남1리(신녕방면),571042.0,2437.8, 화남2리(삼산방면),571018.0,2735.2,N_PathError,,
마마1188, 둔지건너,571020.0,284.8, 둔지,571040.0,309.2, 도근리입구(신녕방면),571039.0,583.3,N_PathError,,
마마1288, 둔지,571040.0,772.7, 둔지건너,571020.0,811.2, 권응수장군유적지,571041.0,1479.7,N_PathError,,
마마1290, 둔지,571040.0,1748.8, 둔지건너,571020.0,1753.4, 도근리입구(신녕방면),571039.0,2262.0,N_PathError,,
마마1390, 둔지,571040.0,2513.4, 둔지건너,571020.0,2541.5, 권응수장군유적지,571041.0,2614.3,N_PathError,,
마마2291, 신전(용계방면),571503.0,392.0, 신전(화남방면),571505.0,513.5, 구전리.별곡(신전방면),570866.0,1012.7,N_PathError,,
마마2292, 솔명못앞,571507.0,1077.8, 솔명못건너,571506.0,1077.8, 신전(용계방면),571503.0,1357.3,N_PathError,,
마마2493, 용계리,571504.0,376.8, 솔명못앞,571507.0,1169.4, 솔명못건너,571506.0,1169.4,N_PathError,,
마마2393, 솔명못건너,571506.0,620.5, 솔명못앞,571507.0,620.5, 용계리,571504.0,742.8,N_PathError,,
마마2295, 솔명못건너,571506.0,2362.6, 솔명못앞,571507.0,2362.6, 용계리,571504.0,2427.8,N_PathError,,
마마3474, 대성리경로당건너,570215.0,692.5, 대의리.청각단(오류방면),570187.0,698.1, 대성리경로당앞,570188.0,730.8,N_PathError,,
마마3475, 서은사.새각단(오류방면),570186.0,191.0, 대의리.청각단(영천방면),570216.0,219.9, 서은사.새각단(영천방면),570217.0,224.4,N_PathError,,
마마3575, 거곡로.대성양달(영천방면),570214.0,559.1, 거곡로.대성양달(오류방면),570189.0,559.1, 대성리경로당앞,570188.0,751.1,N_PathError,,
마마3375, 대의리회관앞,570219.0,397.3, 대의리회관건너,570184.0,400.5, 대의리.굼각단(영천방면),570220.0,408.4,N_PathError,,
마마3376, 단포초등학교건너,570133.0,335.3, 양정(오류방면),570182.0,375.1, 양정(영천방면),570221.0,375.1,N_PathError,,
마마3576, 고도리.민도경로당,570204.0,395.3, 고도1리경로당앞,570209.0,819.1, 엔텍 앞,571643.0,851.3,N_PathError,,
마마3477, 3사관학교(정문)건너,570136.0,255.4, 3사관학교(정문)앞,570175.0,286.2, 고도입구(영천방면),570174.0,460.3,N_PathError,,
마마3577, 고도1리경로당건너,570201.0,177.9, 드림랜드입구건너,570202.0,207.1, 드림랜드입구,570208.0,207.1,N_PathError,,
마마3377, 창하리.창방우(영천방면),570242.0,113.2, 창하리.창방우(임고방면),570224.0,126.1, 3사관서문건너,570243.0,231.3,N_PathError,,
마마3274, 금강사,571720.0,684.7, 용천사입구,571719.0,761.0, 쓰레기매립장입구,571721.0,768.0,Y,7.3,564
마마3174, 완산2동경로당,571717.0,503.9, 용천사입구,571719.0,567.4, 완산1동경로당,571718.0,686.1,Y,7.0,539
마마3275, 파크골프장입구,571722.0,373.8, 쓰레기매립장입구,571721.0,456.6, 금강사,571720.0,697.4,Y,4.2,306
마마3175, 장천삼거리,571725.0,117.6, 장천회관,571724.0,225.4, 행복마을노인복지센터,571723.0,363.9,Y,7.2,555
마마3076, 영동고등학교건너,570057.0,94.5, 망정네거리,570058.0,106.6, 동부사거리,570026.0,113.3,Y,1.2,106
마마3176, 영천소방서건너,570016.0,130.7, 동부초등학교건너,570017.0,137.2, 소방서입구,570070.0,191.6,Y,1.4,115
마마3276, 해피포유A입구,570179.0,450.3, 조교삼거리(고경방면),570132.0,548.5, 조교삼거리(3번노선전용),570180.0,594.8,Y,5.5,425
마마3277, 언하1동,571532.0,170.5, 언하동.새미(임고방면),570307.0,596.9, 언하동(조교방면),570068.0,606.4,Y,11.5,884
마마3177, 갑을공단(화신건너),570067.0,102.8, 창신아파트앞,570021.0,346.3, 창신아파트건너(우로지앞),570066.0,372.6,Y,6.6,497
마마3077, 전경부대앞,570022.0,372.5, 전경부대건너,570065.0,372.5, 한신더휴영천퍼스트.세왕금속,570023.0,482.1,Y,4.9,379
마마2674, 쌍계동,571480.0,659.9, 영천교통,571477.0,735.5, 오수동e마트,570103.0,830.9,Y,20.9,1519
마마2675, 쌍계동,571480.0,891.2, 서문주유소건너,571260.0,1096.4, 화룡삼거리(영천방면),571259.0,1124.3,Y,29.1,2280
마마2775, 서문주유소건너,571260.0,179.7, 서문주유소,570975.0,192.1, 북영천역,571261.0,364.1,Y,11.9,923
마마2575, 대미2리(영천방면),571209.0,1154.0, 대동마을회관,571214.0,1221.1, 서산동종점,571564.0,1229.0,N_PathError,,
마마2576, 도향사건너,571566.0,441.1, 도향사앞,571562.0,475.6, 서산교(영천방면),571568.0,572.6,Y,10.4,803
마마2776, 영남실버건너,571707.0,67.9, 영남실버입구,571708.0,171.1, 화룡삼거리(화산방면),570976.0,302.2,Y,3.1,214
마마2676, 대전입구건너,571250.0,541.4, 대전입구,570977.0,550.9, 서산(영천방면),571249.0,611.5,Y,9.5,734
마마2577, 도향사앞,571562.0,592.6, 태양고물상건너,571248.0,626.7, 호당1리입구건너,570980.0,645.7,Y,3.0,234
마마2677, 태양고물상,570979.0,255.8, 서산(화산방면),570978.0,357.8, 태양고물상건너,571248.0,381.3,Y,12.3,953
마마2777, 대전1동마을회관건너,571253.0,136.5, 대전1동마을회관앞,571256.0,158.8, 동림사입구,571257.0,215.0,Y,2.0,155
마마2977, 야사신주공아파트앞,570028.0,1113.3, 무궁화아파트앞,570030.0,1223.5, 오미2동(영천방면),570590.0,1227.7,Y,23.1,1774
마마2877, 오미(영천방면),570591.0,333.9, 오미2동(화남방면),570539.0,423.7, 오미2동(영천방면),570590.0,423.7,Y,5.3,417
마마2978, 녹전.영천영어타운건너,570541.0,1129.1, 녹전.영천영어타운입구,570588.0,1151.1, 녹전입구건너,570542.0,1200.8,Y,20.1,1391
마마2878, 녹전.영천영어타운입구,570588.0,244.9, 녹전.영천영어타운건너,570541.0,260.9, 상대전입구(화남방면),570540.0,408.7,Y,6.3,399
마마2979, 도림동,570970.0,731.4, 도림(화남방면),570543.0,964.5, 도림(영천방면),570586.0,986.1,Y,45.8,3462
마마2879, 도림(영천방면),570586.0,117.4, 도림(화남방면),570543.0,279.4, 녹전입구건너,570542.0,388.5,Y,7.1,443
마마2980, 도림1동회관,570971.0,234.3, 도림동,570970.0,607.5, 도림1동(숯골),570972.0,607.8,Y,8.5,655
마마2880, 하명마을입구건너,570544.0,206.1, 하명마을입구,570585.0,264.6, 도림동(화남방면),570545.0,412.8,Y,2.8,218
마마2981, 도림1동(숯골),570972.0,394.9, 도림교회,571662.0,557.9, 매산1동(화남방면),570547.0,647.5,Y,12.5,966
마마2881, 매산1동,570949.0,338.3, 매산1동(화남방면),570547.0,408.8, 도림2동(화남방면),570546.0,471.1,Y,6.9,418
마마3278, 동산(임고방면),571615.0,319.8, 동산(영천방면),571616.0,319.8, 매호1리.우내(영천방면),570535.0,365.3,N_PathError,,
마마3178, 창신영업소,571527.0,357.8, 신기동 마을회관,571578.0,378.3, 임시58(언하방면),571528.0,440.7,Y,5.2,403
마마3078, 임시58(언하방면),571528.0,876.0, 임시57(영천방면),571526.0,955.9, 신기동 마을회관,571578.0,956.0,Y,18.1,1373
마마3279, 매호2리.맘실(영천방면),570534.0,79.7, 매호2리.맘실(임고방면),570309.0,86.6, 양항리.돌목(영천방면),570368.0,751.2,N_PathError,,
마마3179, 신기동 마을회관,571578.0,649.6, 매호2리.맘실(영천방면),570534.0,973.8, 매호2리.맘실(임고방면),570309.0,1004.9,N_PathError,,
마마3079, 신기동 마을회관,571578.0,1092.2, 도림1동회관,570971.0,1504.4, 도림동,570970.0,1555.1,Y,123.0,9561
마마3080, 도림1동회관,570971.0,918.9, 도림1동(숯골),570972.0,1139.6, 도림동,570970.0,1500.8,Y,140.4,10916
마마3280, 양항리.돌목(임고방면),570310.0,355.0, 양항리.돌목(영천방면),570368.0,355.8, 임고서원,570367.0,556.8,N_PathError,,
마마3180, 양항리.돌목(영천방면),570368.0,1250.1, 양항리.돌목(임고방면),570310.0,1294.9, 임고서원,570367.0,1422.6,N_PathError,,
마마3378, 창상마을회관건너,570238.0,384.0, 창상마을회관앞,570227.0,384.0, 창상리.새각단(임고방면),570226.0,387.7,N_PathError,,
마마3578, 도암1리.도암교회건너,570140.0,159.6, 도암1리(새마을)(영천방면),570139.0,360.5, 부동입구(허니문모텔),571645.0,360.5,N_PathError,,
마마3478, 창상리(영천방면),570237.0,573.2, 창상리(임고방면),570228.0,573.2, 창상마을회관앞,570227.0,618.6,N_PathError,,
마마3479, 포은실버타운 건너,571625.0,382.9, 포은실버타운 앞,571626.0,391.5, 우항리(연하마을건너),570236.0,492.0,N_PathError,,
마마3379, 포은실버타운 앞,571626.0,624.0, 포은실버타운 건너,571625.0,654.9, 우항리(연하마을건너),570236.0,735.8,N_PathError,,
마마3579, 도암리.땀봉(영천방면),570170.0,886.4, 도암리.땀봉(고경방면),570141.0,903.2, 도암1리.도암교회건너,570140.0,1067.2,N_PathError,,
마마3580, 고천(우항방면),570233.0,190.2, 우항.석연정건너,570230.0,1290.0, 우항리(연하마을),570229.0,1294.3,N_PathError,,
마마3480, 우항.석연정건너,570230.0,319.4, 우항.석연정앞,570235.0,392.2, 우항리(연하마을),570229.0,392.2,N_PathError,,
마마3380, 우항.굽들(우항방면),570234.0,350.3, 우항.굽들(임고방면),570231.0,411.8, 고천(임고방면),570232.0,480.7,N_PathError,,
마마3581, 황강공단(수성방면),570316.0,812.9, 황강공단(임고방면),570362.0,834.5, 고천(우항방면),570233.0,870.8,N_PathError,,
마마2578, 호당2리입구,570981.0,124.9, 호당2리입구건너,571246.0,225.4, 호당1리입구건너,570980.0,535.4,N_PathError,,
마마2778, 상대전(화남방면),571254.0,583.0, 상대전(영천방면),571255.0,602.5, 가축위생시험소건너,570945.0,686.8,Y,8.7,672
마마2678, 호당2리입구건너,571246.0,804.4, 호당마을,571247.0,813.7, 호당1리입구건너,570980.0,813.7,N_PathError,,
마마2579, 삼부리(주유소앞),570983.0,744.7, 삼부삼거리(화산방면),570982.0,779.0, 삼부삼거리(우천전용),571581.0,779.0,N_PathError,,
마마2779, 녹전2동,570943.0,155.8, 녹전길,570946.0,159.9, 경북차량용임베디드기술연구원건너,570942.0,294.1,Y,2.7,206
마마2780, 녹동3동(영천방면),570952.0,417.5, 하명마을(화산방면),570948.0,525.0, 하명마을(영천방면),570951.0,525.0,Y,12.8,992
마마2580, 암기(당지방면),570956.0,353.2, 암기(영천방면),570939.0,356.3, 대기리(화산방면),570954.0,533.2,N_PathError,,
마마3281, 임고면사무소,570533.0,359.3, 임고면사무소건너,570399.0,370.4, 임고서원,570367.0,674.7,N_PathError,,
마마3282, 선원2리,571747.0,352.6, 선원2리(임고방면),570527.0,414.8, 선원2리(자양방면),571682.0,414.8,N_PathError,,
마마3083, 신호2리(영천방면),570559.0,334.8, 신호1리(영천방면),570561.0,559.7, 도림2동(영천방면),570583.0,743.9,N_PathError,,
마마3183, 도림2동(영천방면),570583.0,831.6, 신호2리(영천방면),570559.0,1038.3, 선원2리.선정사입구,570528.0,1044.7,N_PathError,,
마마3283, 선원2리.선정사입구,571745.0,224.1, 선원2리.선정사입구,570528.0,224.1, 대환교,571746.0,570.1,N_PathError,,
마마3084, 죽곡1리마을회관건너,570552.0,122.5, 죽곡1리마을회관앞,570558.0,127.5, 극락사입구건너,570553.0,395.2,N_PathError,,
마마3184, 죽곡1리삼거리(죽곡방면),570554.0,639.2, 극락사입구건너,570553.0,704.4, 극락사입구,570557.0,714.9,N_PathError,,
마마3481, 양평리.돌빼기(임고방면),570364.0,453.2, 황강리(수성방면),570315.0,469.1, 황강리(임고방면),570363.0,483.3,N_PathError,,
마마3381, 양평2리마을회관,571740.0,67.1, 양평2리마을회관,571741.0,73.3, 양평2리.임고중학교앞,570365.0,192.0,N_PathError,,
마마3582, 효1리(수성방면),570317.0,129.9, 효1리(임고방면),570361.0,129.9, 효1리마을회관앞,570360.0,450.5,N_PathError,,
마마3482, 황강리(임고방면),570363.0,524.2, 황강리(수성방면),570315.0,534.7, 황강공단(임고방면),570362.0,580.8,N_PathError,,
마마3382, 주식회사 명산,571739.0,200.9, 주식회사 명산,571738.0,239.2, 평천2리,571742.0,254.9,N_PathError,,
마마3383, 평천리다산마을(농산물집하장),571547.0,138.2, 평천리.다산(임고방면),570525.0,275.4, 평천리다산마을(농산물집하장),571743.0,296.4,N_PathError,,
마마3583, 효1리마을회관앞,570360.0,794.6, 효1리마을회관건너,570318.0,803.8, 평천2리,571548.0,843.3,N_PathError,,
마마3483, 평천2리,571548.0,166.5, 덕연리강변공원건너,570523.0,918.0, 평천리(자양방면),570403.0,926.4,N_PathError,,
마마3584, 삼매1리(자양방면),570406.0,554.9, 삼매1리(임고방면),570510.0,564.6, 삼매리경로당앞,570512.0,789.4,N_PathError,,
마마3484, 덕연리창고앞(임고방면),570511.0,122.8, 덕연리창고앞(자양방면),570405.0,122.8, 덕연리강변공원,570404.0,299.2,N_PathError,,
마마2781, 매산2동,570950.0,527.1, 매산1동,570949.0,833.2, 하명마을(영천방면),570951.0,1167.2,Y,17.3,1341
마마2581, 모산(당지방면),570958.0,595.6, 모산(영천방면),570932.0,631.8, 암기(영천방면),570939.0,643.9,N_PathError,,
마마2582, 독조골(당지방면),571584.0,230.9, 독조골(영천방면),571585.0,247.5, 시안미술관,570959.0,406.8,N_PathError,,
마마2682, 대천2리(영천방면),570577.0,1061.7, 대천2리(화남방면),570566.0,1061.7, 대천1리(화남방면),570565.0,1088.4,N_PathError,,
마마2782, 매산1동(영천방면),570582.0,675.8, 화남분교,570564.0,810.8, 사천교회,570579.0,815.2,Y,25.1,1940
마마2583, 선천2리.화동(영천방면),570575.0,840.2, 대성사입구,570567.0,861.5, 가상리창고,570960.0,886.9,N_PathError,,
마마2683, 대성사입구건너,570576.0,320.3, 대천2리(영천방면),570577.0,336.8, 대천2리(화남방면),570566.0,336.8,N_PathError,,
마마2783, 대천리(노방방면),571601.0,196.7, 사천교회,570579.0,304.2, 노방.우사앞(대천방면),570969.0,311.8,Y,4.8,366
마마2584, 선천3리.유천(화남방면),570571.0,273.7, 선천3리,570573.0,273.7, 선천2리,570570.0,317.3,N_PathError,,
마마2684, 선천2리.화동(화남방면),570568.0,589.1, 선천2리.화동(영천방면),570575.0,612.4, 대성사입구,570567.0,694.3,N_PathError,,
마마3778, 삼사낚시터앞,570255.0,832.2, 신농농원건너,570256.0,836.3, 삼사낚시터건너,570249.0,849.6,N_PathError,,
마마3878, 해선리(88찜질방),570145.0,895.3, 해선리(88찜질방건너),570165.0,912.7, 고경삼거리.상리입구(고경방면),570144.0,1019.6,N_PathError,,
마마3678, 서원농원건너,570245.0,520.2, 도암리.땀봉(고경방면),570141.0,522.5, 도암리.땀봉(영천방면),570170.0,536.0,N_PathError,,
마마3879, 해선리(88찜질방),570145.0,202.8, 해선리(88찜질방건너),570165.0,287.5, 고경삼거리.상리입구(영천방면),570166.0,354.3,N_PathError,,
마마3779, 상리공단,570167.0,315.4, 도암2리(영천방면),570168.0,431.9, 도암2리(고경방면),570143.0,431.9,N_PathError,,
마마3679, 도암2리(영남건설기술교육원),570169.0,265.8, 도암2리(영남건설기술교육원건너),570142.0,312.1, 도암2리(고경방면),570143.0,573.2,N_PathError,,
마마3680, 도암1리.도암교회,570171.0,465.9, 고천(우항방면),570233.0,1138.4, 도암2리(고경방면),570143.0,1195.3,N_PathError,,
마마3880, 상리리.새마을(학리방면),570268.0,116.7, 상리리.새마을(영천방면),570269.0,154.0, 상리리.고경교차로(영천방면),570270.0,296.9,N_PathError,,
마마3978, 전사사격장(삼귀방면),571649.0,570.0, 전사사격장(영천방면),571648.0,587.3, 전사2리(영천방면),570282.0,832.7,N_PathError,,
마마3979, 고경정류장,570146.0,174.4, 고경파출소앞,570164.0,174.4, 해선리(용내기입구),570147.0,247.0,N_PathError,,
마마4079, 전사1리(용태철망앞),570283.0,580.4, 전사1리(용태철망건너),570271.0,580.4, 전사2리(영천방면),570282.0,591.0,N_PathError,,
마마3980, 배골리주택앞(학리방면),570262.0,490.8, 배골리우사앞(영천방면),570267.0,507.3, 배골리주택앞(영천방면),570266.0,517.1,N_PathError,,
마마4080, 학리삼거리(학리방면),570263.0,1117.9, 해선리(목동),570163.0,1124.3, 해선리(용내기입구),570147.0,1167.2,N_PathError,,
마마3981, 학리삼거리(영천방면),570265.0,241.3, 학리,570264.0,325.8, 학리삼거리(학리방면),570263.0,334.7,N_PathError,,
마마4280, 가수1리,570159.0,1016.2, 가수2리,570158.0,1028.1, 가수리,570151.0,1060.3,N_PathError,,
마마4182, 착골(우봉골방면),571543.0,545.1, 착골(영천방면),571545.0,560.2, 착골경로당(우봉골방면),571542.0,637.5,N_PathError,,
마마4282, 우봉골,571544.0,385.7, 착골(영천방면),571545.0,1100.4, 착골(우봉골방면),571543.0,1106.3,N_PathError,,
마마4283, 사2리.감나무골(수성방면),570332.0,717.0, 사2리.감나무골(임고방면),570346.0,787.0, 사2리회관건너,570347.0,845.9,N_PathError,,
마마4383, 사2리.감나무골(임고방면),570346.0,1119.7, 사2리.감나무골(수성방면),570332.0,1120.8, 사2리회관건너,570347.0,1324.7,N_PathError,,
마마3881, 배골리우사앞(학리방면),570261.0,789.8, 상리리.새마을(영천방면),570269.0,846.2, 상리리.새마을(학리방면),570268.0,884.2,N_PathError,,
마마3682, 효리(골프장입구),570359.0,298.6, 효리(골프장건너),570319.0,298.6, 효1리마을회관건너,570318.0,703.1,N_PathError,,
마마3783, 금대리과수원(임고방면),571618.0,454.1, 금대리과수원(수성방면),571617.0,454.6, 금대리새터(임고방면),570356.0,619.9,N_PathError,,
마마3683, 효2리(임고방면),570358.0,221.2, 효2리(수성방면),570320.0,237.8, 효2리경로당건너,570321.0,384.7,N_PathError,,
마마3784, 금대리새터(수성방면),570322.0,333.5, 금대리새터(임고방면),570356.0,436.5, 금대리과수원(수성방면),571617.0,546.1,N_PathError,,
마마3684, 삼매3리(벌바위입구건너),570407.0,919.3, 삼매3리(벌바위입구),570496.0,948.2, 임고IC(임고방면),571619.0,1004.5,N_PathError,,
마마4183, 착골(영천방면),571545.0,445.2, 착골경로당(영천방면),571546.0,457.3, 착골(우봉골방면),571543.0,457.6,N_PathError,,
마마4284, 사2리회관,570331.0,116.5, 사2리회관건너,570347.0,155.5, 사2리.감나무골(임고방면),570346.0,297.3,N_PathError,,
마마4184, 사동건강원(임고방면),571629.0,279.7, 사동건강원(수성방면),571628.0,279.7, 사동저수지,570329.0,342.2,N_PathError,,
마마4385, 수성1리.하구만(수성방면),570333.0,425.4, 수성1리.하구만(임고방면),570345.0,429.5, 수성1리.상구만(수성방면),570334.0,805.7,N_PathError,,
마마4186, 신방1리.골안(신방방면),571613.0,377.8, 신방1리.신천(임고방면),570505.0,464.5, 신방1리.골안(임고방면),570504.0,467.5,N_PathError,,
마마4286, 신방2리.장구밭(임고방면),571511.0,401.7, 신방2리.장구밭(신방방면),571509.0,417.3, 신방1리.골안(임고방면),570504.0,704.5,N_PathError,,
마마4083, 당곡지(우봉골방면),710693.0,187.2, 당곡지(영천방면),710694.0,264.3, 사리주택(영천방면),571623.0,391.6,N_PathError,,
마마3984, 사1리노인정,570327.0,293.5, 금대리.찜터(수성방면),570326.0,352.0, 금대리.찜터(임고방면),570352.0,413.7,N_PathError,,
마마4084, 대덕사,570350.0,230.7, 대덕사건너,570328.0,316.8, 당골(우봉골방면),571622.0,394.1,N_PathError,,
마마3985, 고속도로쉼터(임고방면),570353.0,943.7, 고속도로쉼터(수성방면),570325.0,950.7, 금대리.찜터(임고방면),570352.0,963.3,N_PathError,,
마마4086, 신방1리.신천(신방방면),570501.0,429.4, 신방1리.신천(임고방면),570505.0,539.6, 노항리.관악사입구건너,570506.0,615.6,N_PathError,,
마마3986, 노항리.관악사입구,571683.0,363.5, 노항리.관악사입구건너,570506.0,386.3, 노항리(신방방면),570499.0,998.3,N_PathError,,
마마3987, 노항리.관악사입구건너,570506.0,1099.9, 노항리.관악사입구,571683.0,1104.3, 자양면삼귀리입구(삼귀방면),570416.0,1173.2,N_PathError,,
마마3884, 고속도로쉼터(임고방면),570353.0,550.1, 고속도로쉼터(수성방면),570325.0,564.2, 금대리전원주택(수성방면),570324.0,573.3,N_PathError,,
마마3685, 임고저수장건너,570497.0,201.7, 임고정수장,570509.0,201.7, 삼매3리(벌바위입구건너),570407.0,451.3,N_PathError,,
마마3885, 고속도로쉼터(수성방면),570325.0,491.5, 고속도로쉼터(임고방면),570353.0,519.5, 금대리전원주택(임고방면),570354.0,624.8,N_PathError,,
마마3886, 노항리(신방방면),570499.0,14.5, 노항리(임고방면),570507.0,63.3, 노항리.관악사입구,571683.0,1361.6,N_PathError,,
마마3787, 망향공원 건너,570490.0,402.2, 망향공원,570411.0,402.2, 장승앞(임고방면),570489.0,756.2,N_PathError,,
마마3687, 석류농원(임고방면),570492.0,288.7, 석류농원(자양방면),570409.0,298.5, 자양면사무소건너,570410.0,411.3,N_PathError,,
마마4188, 중삼귀(삼귀방면),570479.0,127.4, 중삼귀(임고방면),570482.0,133.8, 삼귀리회관건너,570480.0,283.8,N_PathError,,
마마3988, 자양면삼귀리입구(임고방면),570485.0,211.2, 자양면삼귀리입구(삼귀방면),570416.0,211.2, 삼귀횟집,571751.0,593.0,N_PathError,,
마마4088, 하삼귀(임고방면),570483.0,255.5, 하삼귀(삼귀방면),570478.0,255.5, 삼귀횟집,570477.0,384.1,N_PathError,,
마마4190, 군평마을(임고방면),570475.0,445.6, 군평마을(보현방면),570418.0,445.6, 충효삼거리(도일방면),570419.0,508.9,N_PathError,,
마마4191, 하방촌(화북방면),570428.0,368.6, 하방촌(도일방면),570420.0,368.6, 충효2리.충효사입구,570473.0,507.3,N_PathError,,
마마3688, 자양면사무소,570491.0,632.3, 자양면사무소건너,570410.0,670.9, 석류농원(임고방면),570492.0,905.2,N_PathError,,
마마3788, 장승앞(자양방면),570412.0,443.2, 장승앞(임고방면),570489.0,443.2, 자양교회(수자원공사),570488.0,606.6,N_PathError,,
마마3888, 붕어횟집,570486.0,209.8, 붕어횟집건너,570415.0,209.8, 용산리(원각입구),570487.0,264.4,N_PathError,,
마마3889, 용산리,571508.0,489.5, 용산리(원각입구),570487.0,799.0, 용산리(원각입구건너),570414.0,799.0,N_PathError,,
마마3890, 일견횟집건너,570417.0,1253.7, 일견횟집,570476.0,1253.7, 용산리,571508.0,1456.0,N_PathError,,
마마3793, 보현3리(자양방면),570464.0,1177.3, 보현3리(화북방면),570439.0,1181.8, 보현2리.오실계(화북방면),570437.0,1182.1,N_PathError,,
마마3693, 보현4리.탑전(자양방면),570463.0,1065.9, 보현4리.탑전(화북방면),570440.0,1083.0, 보현3리(자양방면),570464.0,1244.1,N_PathError,,
마마3893, 보현1리.보현초건너,570469.0,643.5, 보현3리마을회관건너,570438.0,664.2, 보현3리마을회관앞,570465.0,664.2,N_PathError,,
마마3794, 보현3리(화북방면),570439.0,378.5, 보현3리(자양방면),570464.0,431.0, 보현2리.오실계(화북방면),570437.0,594.3,N_PathError,,
마마3694, 보현4리.탑전(자양방면),570463.0,101.2, 보현4리.탑전(화북방면),570440.0,118.3, 보현3리(자양방면),570464.0,589.4,N_PathError,,
마마2982, 신호1리(죽곡방면),570549.0,430.1, 신호삼거리(죽곡방면),570548.0,567.9, 신호삼거리,571761.0,572.1,N_PathError,,
마마2882, 매산1동(영천방면),570582.0,341.3, 신호삼거리(화남방면),570562.0,474.0, 신호삼거리(영천방면),570581.0,488.9,N_PathError,,
마마2983, 대내실식당(죽곡방면),570550.0,174.4, 대내실식당(영천방면),570560.0,174.4, 신호1리(죽곡방면),570549.0,724.0,N_PathError,,
마마2883, 화남분교,570564.0,741.8, 사천교회,570579.0,812.5, 매산1동(영천방면),570582.0,970.3,N_PathError,,
마마2884, 노방종점,570968.0,984.1, 노방.우사앞(노방방면),570966.0,1002.7, 노방(노방방면),571597.0,1022.0,N_PathError,,
마마2984, 신호2리(죽곡방면),570551.0,619.7, 신호1리(영천방면),570561.0,865.2, 죽곡1리마을회관앞,570558.0,1005.2,N_PathError,,
마마2985, 신호2리(죽곡방면),570551.0,1457.9, 죽곡1리마을회관앞,570558.0,1505.1, 죽곡1리마을회관건너,570552.0,1510.1,N_PathError,,
마마2885, 노방종점,570968.0,735.3, 노방(노방방면),571597.0,1367.0, 노방(대천방면),571598.0,1381.8,N_PathError,,
마마2886, 금호2리.내지(화북방면),570778.0,1094.9, 노방종점,570968.0,1453.6, 오산마을회관,570793.0,1472.4,N_PathError,,
마마3284, 간촌,570529.0,613.7, 간촌,571744.0,613.7, 선원1리,571750.0,1115.5,N_PathError,,
마마3185, 죽곡2리경로당,570555.0,742.8, 죽곡1리삼거리(죽곡방면),570554.0,756.8, 극락사입구,570557.0,1003.9,N_PathError,,
마마3085, 죽곡1리삼거리(죽곡방면),570554.0,778.1, 극락사입구,570557.0,818.2, 극락사입구건너,570553.0,849.3,N_PathError,,
마마3186, 죽곡2리경로당,570555.0,294.4, 삼매리(매곡),570517.0,1581.4, 매곡입구(임고방면),570518.0,1602.6,N_PathError,,
마마3287, 삼매리(매곡),570517.0,439.9, 매곡입구(임고방면),570518.0,573.2, 매곡입구(매곡방면),570516.0,689.9,N_PathError,,
마마3384, 현묘사입구,570531.0,220.0, 현묘사입구,571749.0,249.7, 평천리(임고방면),570524.0,682.8,N_PathError,,
마마3585, 삼매1리(임고방면),570510.0,523.6, 임고IC(임고방면),571619.0,524.0, 임고IC(자양방면),571620.0,543.3,N_PathError,,
마마3385, 덕연,570532.0,229.0, 선원1리,570530.0,351.9, 선원1리,571750.0,351.9,N_PathError,,
마마3485, 삼매1리경로당앞,570514.0,385.9, 삼매1리경로당건너,570520.0,385.9, 삼매.정자나무(임고방면),570521.0,433.1,N_PathError,,
마마3386, 삼매정자마을(임고방면),570519.0,426.5, 삼매정자마을(매곡방면),570515.0,426.5, 매곡입구(매곡방면),570516.0,749.3,N_PathError,,
마마3486, 삼매1리경로당건너,570520.0,720.6, 삼매1리경로당앞,570514.0,720.6, 삼매정자마을(매곡방면),570515.0,733.7,N_PathError,,
마마3387, 매곡입구(매곡방면),570516.0,574.5, 매곡입구(임고방면),570518.0,637.9, 삼매리(매곡),570517.0,661.1,N_PathError,,
마마2784, 노방(노방방면),571597.0,89.8, 노방(대천방면),571598.0,278.1, 노방.우사앞(노방방면),570966.0,330.5,N_PathError,,
마마2785, 노방종점,570968.0,431.3, 선천2리.선관(영천방면),570574.0,713.7, 선천2리.선관(화남방면),570569.0,713.7,N_PathError,,
마마2585, 화남농협,570893.0,196.6, 화남면사무소건너,570965.0,369.1, 화남면사무소,570894.0,404.5,N_PathError,,
마마2686, 영천전자고등학교앞,570853.0,362.2, 영천전자고등학교건너,570776.0,486.8, 금호2리(화남방면),570852.0,600.6,N_PathError,,
마마2586, 삼창교회앞,570854.0,300.0, 한천입구,570855.0,343.7, 한천입구건너,570890.0,355.8,N_PathError,,
마마2687, 금호2리.내지(화남방면),570851.0,224.3, 금호2리(화북방면),570777.0,408.1, 금호2리(화남방면),570852.0,408.1,N_PathError,,
마마2587, 은행나무집건너,570888.0,171.7, 은행나무집,570857.0,171.7, 큰골입구건너,570889.0,318.2,N_PathError,,
마마2787, 상내지(공덕방면),570780.0,178.8, 상내지(영천방면),570796.0,178.8, 저온창고(공덕방면),570781.0,246.4,N_PathError,,
마마2987, 오공길(영천방면),570791.0,987.6, 오공길(공덕방면),570785.0,987.6, 운산리마을회관건너,570790.0,1111.6,N_PathError,,
마마2887, 오산마을회관,570793.0,488.9, 월지(공덕방면),570784.0,548.1, 월지(영천방면),570792.0,552.0,N_PathError,,
마마2888, 월지(영천방면),570792.0,448.1, 월지(공덕방면),570784.0,452.0, 오공길(영천방면),570791.0,497.7,N_PathError,,
마마2988, 운산리마을회관건너,570790.0,269.2, 운산리마을회관,570786.0,354.0, 오공길(영천방면),570791.0,557.1,N_PathError,,
마마2989, 공덕리.대왕입구,570789.0,626.8, 공덕리.대왕입구건너,570787.0,626.8, 운산리마을회관,570786.0,679.8,N_PathError,,
마마2890, 자천1리(화북방면),571686.0,870.3, 자천중학교(화북방면),570799.0,870.3, 자천1리(화남방면),570846.0,870.3,N_PathError,,
마마3091, 횡계리(화북방면),570454.0,325.0, 횡계리(천문대방면),570455.0,806.9, 입석.보현산댐공원,570840.0,1366.3,N_PathError,,
마마2688, 오산교(화남방면),570850.0,420.2, 오산교(화북방면),570779.0,442.7, 오동리(화북방면),570797.0,485.6,N_PathError,,
마마2588, 안천리(능계),570884.0,417.4, 논실입구,570886.0,611.4, 과수원(외딴집)건너,570887.0,742.5,N_PathError,,
마마2788, 오산교(화북방면),570779.0,559.5, 오산교(화남방면),570850.0,603.4, 오동리(화북방면),570797.0,681.9,N_PathError,,
마마2589, 덕산지골(월곡방면),710695.0,100.5, 덕산지골(화남방면),710696.0,100.5, 월곡2리.논실(화남방면),571553.0,323.8,N_PathError,,
마마2689, 오동리(화남방면),570849.0,708.5, 오동리(화북방면),570797.0,803.1, 덕산지골(월곡방면),710695.0,899.5,N_PathError,,
마마2789, 오동리(화남방면),570849.0,802.1, 자천숲(화남방면),570848.0,922.3, 오동리(화북방면),570797.0,935.0,N_PathError,,
마마2590, 월곡2리,571551.0,120.3, 월곡2리.마을회관앞,571550.0,287.3, 월곡2리.마을회관건너,571552.0,363.4,N_PathError,,
마마2690, 자천숲(화남방면),570848.0,652.9, 자천숲(화북방면),570798.0,761.2, 자천중학교(화남방면),570847.0,933.5,N_PathError,,
마마2790, 자천숲(화북방면),570798.0,244.9, 자천중학교(화남방면),570847.0,279.9, 자천숲(화남방면),570848.0,396.1,N_PathError,,
마마2791, 자천정류소,570844.0,270.9, 자천초등학교,570802.0,498.9, 화북면사무소건너,570845.0,503.9,N_PathError,,
마마3288, 죽곡1리삼거리(영천방면),570556.0,811.4, 삼매리(매곡),570517.0,1281.7, 매곡입구(임고방면),570518.0,1417.9,N_PathError,,
마마3189, 공덕리,570788.0,1273.1, 죽곡1리삼거리(영천방면),570556.0,1308.2, 공덕리.대왕입구건너,570787.0,1500.8,N_PathError,,
마마3089, 공덕리,570788.0,410.2, 공덕리.대왕입구,570789.0,568.0, 공덕리.대왕입구건너,570787.0,568.0,N_PathError,,
마마3090, 횡계리(화북방면),570454.0,1302.7, 공덕리,570788.0,1361.1, 공덕리.대왕입구건너,570787.0,1405.5,N_PathError,,
마마3588, 용화(용화방면),571609.0,540.5, 용화리.마을회관,570494.0,550.9, 용화(영천방면),571610.0,585.5,N_PathError,,
마마3589, 용화리.마을회관,570494.0,657.7, 용화(영천방면),571610.0,1489.5, 용화(용화방면),571609.0,1499.2,N_PathError,,
마마3392, 정각2리.양지마을(천문대방면),570457.0,662.2, 정각2리.전원주택(천문대방면),570458.0,923.7, 정각2리.음지(화북방면),570450.0,1252.8,N_PathError,,
마마3493, 정각2리.음지(천문대방면),570459.0,455.4, 정각2리.음지(화북방면),570450.0,504.5, 정각2리.전원주택(천문대방면),570458.0,754.2,N_PathError,,
마마3393, 정각2리.전원주택(천문대방면),570458.0,277.7, 정각2리.양지마을(천문대방면),570457.0,339.2, 정각2리.음지(화북방면),570450.0,534.9,N_PathError,,
마마3594, 보현4리.신기(화북방면),570441.0,71.8, 보현4리.신기(자양방면),570462.0,71.8, 보현캠핑장(자양방면),570461.0,653.6,N_PathError,,
마마3394, 정각1리(천문대방면),570444.0,975.9, 정각삼거리(천문대방면),570443.0,977.7, 정각삼거리(화북방면),570449.0,986.3,N_PathError,,
마마2891, 자천3리(청송방면),570803.0,421.9, 자천3리(영천방면),570843.0,421.9, 옥계리(새마을건너),570804.0,434.2,N_PathError,,
마마2991, 횡계리(천문대방면),570455.0,613.5, 옥계(영천방면),570841.0,771.7, 옥계(청송방면),570805.0,784.2,N_PathError,,
마마2892, 옥계리(새마을입구),570842.0,575.9, 옥계리(새마을건너),570804.0,575.9, 옥계(청송방면),570805.0,658.9,N_PathError,,
마마2992, 입석.보현산댐공원,570840.0,69.4, 입석.보현산댐공원건너,570806.0,86.0, 옥계(청송방면),570805.0,567.7,N_PathError,,
마마3093, 입석리.은하수마을(영천방면),570838.0,259.7, 입석리.은하수마을(청송방면),570808.0,320.4, 입석리.전망대앞,570807.0,326.5,N_PathError,,
마마2893, 입석.보현산댐공원건너,570806.0,1446.0, 옥계(청송방면),570805.0,1463.3, 입석.보현산댐공원,570840.0,1463.8,N_PathError,,
마마3094, 입석교차로(영천방면),570837.0,430.3, 입석교차로(청송방면),570809.0,450.9, 하용소(영천방면),570836.0,686.3,N_PathError,,
마마4684, 수성2리.베이터(수성방면),570338.0,668.1, 수성2리.베이터(임고방면),570340.0,668.9, 신리(수성방면),570337.0,875.1,N_PathError,,
마마4685, 수성2리.베이터(임고방면),570340.0,331.2, 수성2리.베이터(수성방면),570338.0,333.3, 신리(수성방면),570337.0,400.8,N_PathError,,
마마4485, 수성1리.상구만(임고방면),570344.0,189.6, 수성1리.상구만(수성방면),570334.0,196.6, 수성1리.기곡(수성방면),570335.0,555.6,N_PathError,,
마마4585, 신리입구마을(수성방면),571631.0,60.2, 신리입구마을(임고방면),571630.0,82.1, 수성2리마을회관건너,570342.0,313.1,N_PathError,,
마마4686, 신리(임고방면),570341.0,1224.0, 신리(수성방면),570337.0,1247.2, 수성2리(원기),570339.0,1288.9,N_PathError,,
마마4586, 수성2리마을회관,570336.0,820.6, 수성2리마을회관건너,570342.0,820.6, 신리입구마을(임고방면),571630.0,922.5,N_PathError,,
마마4785, 수성2리(원기),570339.0,524.4, 수성2리.베이터(수성방면),570338.0,1009.3, 수성2리.베이터(임고방면),570340.0,1025.8,N_PathError,,
마마4287, 신방2리.장구밭(신방방면),571509.0,596.9, 신방2리.장구밭(임고방면),571511.0,619.1, 신방1리.골안(임고방면),570504.0,950.0,N_PathError,,
마마4387, 상신방,571510.0,171.9, 신방2리.장구밭(신방방면),571509.0,1233.8, 신방2리.장구밭(임고방면),571511.0,1258.4,N_PathError,,
마마4288, 삼귀리회관앞,570481.0,771.7, 삼귀리회관건너,570480.0,778.3, 중삼귀(삼귀방면),570479.0,1115.0,N_PathError,,
마마4390, 중도일,570424.0,1013.8, 도일리마을회관앞,570426.0,1400.3, 도일리(도일방면),570421.0,1598.8,Y,172.5,13321
마마4291, 도일리마을회관앞,570426.0,209.4, 중도일,570424.0,347.8, 도일리(도일방면),570421.0,445.2,N_PathError,,
마마4391, 중도일,570424.0,632.5, 도일리마을회관앞,570426.0,1171.1, 도일리(도일방면),570421.0,1402.5,N_PathError,,
마마4292, 도일리마을회관앞,570426.0,703.8, 중도일,570424.0,783.1, 도일리(도일방면),570421.0,788.7,N_PathError,,
마마2691, 자천중학교(화남방면),570847.0,1162.4, 자천정류소,570844.0,1258.7, 자천숲(화북방면),570798.0,1293.8,N_PathError,,
마마2792, 자천정류소,570844.0,1119.6, 자천3리(영천방면),570843.0,1137.7, 자천3리(청송방면),570803.0,1137.7,N_PathError,,
마마2692, 자천정류소,570844.0,1662.7, 자천3리(영천방면),570843.0,1857.8, 자천3리(청송방면),570803.0,1857.8,N_PathError,,
마마2593, 용계리,571504.0,1316.1, 솔명못앞,571507.0,2085.6, 솔명못건너,571506.0,2085.6,N_PathError,,
마마2594, 죽전1리.마을회관,570824.0,1611.1, 죽전숲(상송방면),570825.0,1723.5, 죽전숲(죽전방면),570823.0,1737.4,N_PathError,,
마마3292, 정각2리.양지마을(천문대방면),570457.0,1220.6, 정각2리.전원주택(천문대방면),570458.0,1536.7, 정각2리.음지(화북방면),570450.0,1897.7,N_PathError,,
마마3192, 입석리.전망대건너,570839.0,1091.5, 입석리.전망대앞,570807.0,1091.5, 횡계리(화북방면),570454.0,1335.6,N_PathError,,
마마3294, 입석리.향나무골,571556.0,851.7, 보현산댐짚와이어(입석방면),571555.0,986.7, 보현산댐짚와이어(영천방면),571557.0,986.7,N_PathError,,
마마3295, 입석리.향나무골,571556.0,651.4, 보현산댐짚와이어(입석방면),571555.0,750.0, 보현산댐짚와이어(영천방면),571557.0,750.0,N_PathError,,
마마3195, 보현산댐짚와이어(입석방면),571555.0,427.7, 보현산댐짚와이어(영천방면),571557.0,427.7, 입석리.향나무골,571556.0,570.0,N_PathError,,
마마2994, 용소(법화입구),570812.0,362.8, 용소리(영천방면),570835.0,362.8, 용소리(청송방면),570811.0,610.5,N_PathError,,
마마2995, 상용소(영천방면),570834.0,299.1, 용소리(청송방면),570811.0,481.9, 용소리(영천방면),570835.0,655.9,N_PathError,,
마마2895, 하송리경로당 건너,571606.0,559.1, 하송리경로당 앞,571605.0,565.5, 상용소(영천방면),570834.0,709.8,N_PathError,,
마마2996, 법화(법화방면),570814.0,306.1, 법화(영천방면),570816.0,313.1, 하법화(법화방면),570813.0,315.1,N_PathError,,
마마2896, 하송리경로당 앞,571605.0,453.0, 하송리경로당 건너,571606.0,465.8, 내국실,570818.0,600.3,N_PathError,,
마마2997, 법화(영천방면),570816.0,704.4, 법화(법화방면),570814.0,711.3, 하법화(영천방면),570817.0,772.2,N_PathError,,
마마3097, 법화리 마을회관,570815.0,377.3, 법화(영천방면),570816.0,1235.2, 법화(법화방면),570814.0,1238.1,N_PathError,,
마마2897, 하송(영천방면),570833.0,536.1, 하송(청송방면),570819.0,536.1, 내국실,570818.0,765.9,N_PathError,,
마마2695, 죽전숲(죽전방면),570823.0,437.4, 죽전숲(상송방면),570825.0,438.0, 죽전1리.마을회관,570824.0,496.8,N_PathError,,
마마2595, 죽전숲(상송방면),570825.0,1371.4, 죽전숲(죽전방면),570823.0,1372.1, 죽전1리.마을회관,570824.0,1385.2,N_PathError,,
마마2795, 상송교회앞,570821.0,432.7, 상송교회건너,570827.0,446.0, 덕흥사입구건너,570826.0,501.7,N_PathError,,
마마2596, 죽전숲(죽전방면),570823.0,1562.9, 상송도림주유소,570831.0,1574.5, 죽전숲(상송방면),570825.0,1575.9,N_PathError,,
마마2796, 상송도림주유소,570831.0,252.5, 상송마을(영천방면),570832.0,323.9, 상송마을(청송방면),570830.0,326.1,N_PathError,,
마마2697, 상송도림주유소,570831.0,1302.1, 하송(영천방면),570833.0,1575.9, 하송(청송방면),570819.0,1575.9,N_PathError,,
마마2797, 하송(영천방면),570833.0,620.9, 하송(청송방면),570819.0,620.9, 내국실,570818.0,817.6,N_PathError,,
마마2898, 하송(청송방면),570819.0,1350.5, 하송(영천방면),570833.0,1350.5, 내국실,570818.0,1661.7,N_PathError,,
마마3098, 법화리 마을회관,570815.0,973.7, 법화(영천방면),570816.0,1476.1, 법화(법화방면),570814.0,1481.9,N_PathError,,
마마2698, 하송(영천방면),570833.0,1950.9, 하송(청송방면),570819.0,1950.9, 상송도림주유소,570831.0,2127.7,N_PathError,,
마마2699, 하송(영천방면),570833.0,2183.7, 하송(청송방면),570819.0,2183.7, 내국실,570818.0,2457.4,N_PathError,,
마마4091, 충효2리.충효사입구,570473.0,657.8, 충효2리.충효사건너,570430.0,752.1, 충효삼거리(화북방면),570429.0,752.1,N_PathError,,
마마3992, 충효3리(자양방면),571608.0,780.3, 충효3리마을회관(화북방면),570431.0,789.7, 충효3리(화북방면),571607.0,789.7,N_PathError,,
마마4092, 충효3리(자양방면),571608.0,311.6, 충효3리마을회관(화북방면),570431.0,371.9, 충효3리(화북방면),571607.0,371.9,N_PathError,,
마마3993, 보현1리.황새골(화북방면),570432.0,128.8, 보현.배양골(화북방면),570433.0,368.6, 보현.배양골(자양방면),570470.0,391.0,N_PathError,,
마마3894, 보현2리.상기(화북방면),570436.0,174.3, 임고농협보현지소,570435.0,398.9, 보현보건진료소,570468.0,398.9,N_PathError,,
마마3795, 보현3리(화북방면),570439.0,943.4, 보현3리(자양방면),570464.0,992.7, 보현2리.오실계(화북방면),570437.0,1144.1,N_PathError,,
마마3895, 보현2리.오실계(자양방면),570466.0,1058.8, 보현2리.오실계(화북방면),570437.0,1058.8, 보현2리.상기(화북방면),570436.0,1157.0,N_PathError,,
마마3896, 보현2리.오실계(화북방면),570437.0,1781.9, 보현2리.오실계(자양방면),570466.0,1781.9, 보현2리.상기(화북방면),570436.0,1917.3,N_PathError,,
마마3697, 정각2리.전원주택(화북방면),570451.0,1708.7, 정각2리.양지마을(화북방면),570452.0,1708.7, 정각1리(절골),570446.0,2237.4,N_PathError,,
마마3494, 정각삼거리(천문대방면),570443.0,88.4, 정각삼거리(보현방면),570460.0,118.1, 정각삼거리(화북방면),570449.0,118.1,N_PathError,,
마마3495, 정각1리(절골),570446.0,123.2, 정각문화센터(천문대방면),570445.0,388.7, 정각문화센터(화북방면),570447.0,392.0,N_PathError,,
마마3496, 정각2리.전원주택(화북방면),570451.0,197.9, 정각2리.양지마을(화북방면),570452.0,197.9, 정각1리(절골),570446.0,883.6,N_PathError,,
마마3994, 보현.배양골(자양방면),570470.0,628.8, 보현1리.보현초앞,570434.0,663.7, 보현.배양골(화북방면),570433.0,666.3,N_PathError,,
